#include <cstdint>

alignas(16) const unsigned char model_deep[] = {
  0x1c, 0x00, 0x00, 0x00, 0x54, 0x46, 0x4c, 0x33, 0x14, 0x00, 0x20, 0x00,
  0x1c, 0x00, 0x18, 0x00, 0x14, 0x00, 0x10, 0x00, 0x0c, 0x00, 0x00, 0x00,
  0x08, 0x00, 0x04, 0x00, 0x14, 0x00, 0x00, 0x00, 0x1c, 0x00, 0x00, 0x00,
  0x8c, 0x00, 0x00, 0x00, 0xe4, 0x00, 0x00, 0x00, 0x0c, 0x29, 0x00, 0x00,
  0x1c, 0x29, 0x00, 0x00, 0x30, 0x4c, 0x00, 0x00, 0x03, 0x00, 0x00, 0x00,
  0x01, 0x00, 0x00, 0x00, 0x04, 0x00, 0x00, 0x00, 0x5e, 0xd4, 0xff, 0xff,
  0x0c, 0x00, 0x00, 0x00, 0x1c, 0x00, 0x00, 0x00, 0x3c, 0x00, 0x00, 0x00,
  0x0f, 0x00, 0x00, 0x00, 0x73, 0x65, 0x72, 0x76, 0x69, 0x6e, 0x67, 0x5f,
  0x64, 0x65, 0x66, 0x61, 0x75, 0x6c, 0x74, 0x00, 0x01, 0x00, 0x00, 0x00,
  0x04, 0x00, 0x00, 0x00, 0x90, 0xff, 0xff, 0xff, 0x1e, 0x00, 0x00, 0x00,
  0x04, 0x00, 0x00, 0x00, 0x08, 0x00, 0x00, 0x00, 0x6f, 0x75, 0x74, 0x70,
  0x75, 0x74, 0x5f, 0x30, 0x00, 0x00, 0x00, 0x00, 0x01, 0x00, 0x00, 0x00,
  0x04, 0x00, 0x00, 0x00, 0xb2, 0xd6, 0xff, 0xff, 0x04, 0x00, 0x00, 0x00,
  0x0d, 0x00, 0x00, 0x00, 0x69, 0x6e, 0x70, 0x75, 0x74, 0x5f, 0x6c, 0x61,
  0x79, 0x65, 0x72, 0x5f, 0x31, 0x00, 0x00, 0x00, 0x02, 0x00, 0x00, 0x00,
  0x34, 0x00, 0x00, 0x00, 0x04, 0x00, 0x00, 0x00, 0xdc, 0xff, 0xff, 0xff,
  0x21, 0x00, 0x00, 0x00, 0x04, 0x00, 0x00, 0x00, 0x13, 0x00, 0x00, 0x00,
  0x43, 0x4f, 0x4e, 0x56, 0x45, 0x52, 0x53, 0x49, 0x4f, 0x4e, 0x5f, 0x4d,
  0x45, 0x54, 0x41, 0x44, 0x41, 0x54, 0x41, 0x00, 0x08, 0x00, 0x0c, 0x00,
  0x08, 0x00, 0x04, 0x00, 0x08, 0x00, 0x00, 0x00, 0x20, 0x00, 0x00, 0x00,
  0x04, 0x00, 0x00, 0x00, 0x13, 0x00, 0x00, 0x00, 0x6d, 0x69, 0x6e, 0x5f,
  0x72, 0x75, 0x6e, 0x74, 0x69, 0x6d, 0x65, 0x5f, 0x76, 0x65, 0x72, 0x73,
  0x69, 0x6f, 0x6e, 0x00, 0x22, 0x00, 0x00, 0x00, 0x24, 0x28, 0x00, 0x00,
  0x1c, 0x28, 0x00, 0x00, 0x08, 0x28, 0x00, 0x00, 0xec, 0x27, 0x00, 0x00,
  0xd8, 0x27, 0x00, 0x00, 0xbc, 0x27, 0x00, 0x00, 0xa0, 0x27, 0x00, 0x00,
  0x7c, 0x27, 0x00, 0x00, 0xcc, 0x26, 0x00, 0x00, 0x3c, 0x26, 0x00, 0x00,
  0x2c, 0x1e, 0x00, 0x00, 0x1c, 0x1d, 0x00, 0x00, 0x0c, 0x05, 0x00, 0x00,
  0xdc, 0x04, 0x00, 0x00, 0xac, 0x04, 0x00, 0x00, 0x1c, 0x04, 0x00, 0x00,
  0x0c, 0x01, 0x00, 0x00, 0x04, 0x01, 0x00, 0x00, 0xfc, 0x00, 0x00, 0x00,
  0xf4, 0x00, 0x00, 0x00, 0xec, 0x00, 0x00, 0x00, 0xe4, 0x00, 0x00, 0x00,
  0xdc, 0x00, 0x00, 0x00, 0xd4, 0x00, 0x00, 0x00, 0xcc, 0x00, 0x00, 0x00,
  0xc4, 0x00, 0x00, 0x00, 0xbc, 0x00, 0x00, 0x00, 0xb4, 0x00, 0x00, 0x00,
  0xac, 0x00, 0x00, 0x00, 0xa4, 0x00, 0x00, 0x00, 0x9c, 0x00, 0x00, 0x00,
  0x94, 0x00, 0x00, 0x00, 0x74, 0x00, 0x00, 0x00, 0x04, 0x00, 0x00, 0x00,
  0xb6, 0xd7, 0xff, 0xff, 0x04, 0x00, 0x00, 0x00, 0x60, 0x00, 0x00, 0x00,
  0x0c, 0x00, 0x00, 0x00, 0x08, 0x00, 0x0e, 0x00, 0x08, 0x00, 0x04, 0x00,
  0x08, 0x00, 0x00, 0x00, 0x10, 0x00, 0x00, 0x00, 0x28, 0x00, 0x00, 0x00,
  0x00, 0x00, 0x06, 0x00, 0x08, 0x00, 0x04, 0x00, 0x06, 0x00, 0x00, 0x00,
  0x04, 0x00, 0x00, 0x00, 0x01, 0x00, 0x00, 0x00, 0xeb, 0x03, 0x00, 0x00,
  0x0c, 0x00, 0x18, 0x00, 0x14, 0x00, 0x10, 0x00, 0x0c, 0x00, 0x04, 0x00,
  0x0c, 0x00, 0x00, 0x00, 0x83, 0x26, 0xd3, 0xaa, 0xb3, 0x75, 0x1d, 0x2a,
  0x02, 0x00, 0x00, 0x00, 0x02, 0x00, 0x00, 0x00, 0x04, 0x00, 0x00, 0x00,
  0x06, 0x00, 0x00, 0x00, 0x32, 0x2e, 0x32, 0x31, 0x2e, 0x30, 0x00, 0x00,
  0x22, 0xd8, 0xff, 0xff, 0x04, 0x00, 0x00, 0x00, 0x10, 0x00, 0x00, 0x00,
  0x31, 0x2e, 0x31, 0x34, 0x2e, 0x30, 0x00, 0x00, 0x00, 0x00, 0x00, 0x00,
  0x00, 0x00, 0x00, 0x00, 0x84, 0xb6, 0xff, 0xff, 0x88, 0xb6, 0xff, 0xff,
  0x8c, 0xb6, 0xff, 0xff, 0x90, 0xb6, 0xff, 0xff, 0x94, 0xb6, 0xff, 0xff,
  0x98, 0xb6, 0xff, 0xff, 0x9c, 0xb6, 0xff, 0xff, 0xa0, 0xb6, 0xff, 0xff,
  0xa4, 0xb6, 0xff, 0xff, 0xa8, 0xb6, 0xff, 0xff, 0xac, 0xb6, 0xff, 0xff,
  0xb0, 0xb6, 0xff, 0xff, 0xb4, 0xb6, 0xff, 0xff, 0xb8, 0xb6, 0xff, 0xff,
  0xbc, 0xb6, 0xff, 0xff, 0x7a, 0xd8, 0xff, 0xff, 0x04, 0x00, 0x00, 0x00,
  0x00, 0x03, 0x00, 0x00, 0x19, 0xfb, 0xc2, 0x7f, 0xcd, 0xc3, 0xb4, 0xe2,
  0x0b, 0x1a, 0x0e, 0x60, 0xab, 0x31, 0x10, 0x95, 0x41, 0x26, 0x34, 0x65,
  0x62, 0x02, 0xa8, 0x8d, 0x81, 0xf0, 0xe6, 0xc2, 0xf9, 0x2f, 0xb8, 0xc0,
  0xed, 0x6a, 0x1c, 0x61, 0x16, 0x2c, 0x4f, 0x4c, 0xc3, 0x09, 0xae, 0x55,
  0x6e, 0x5b, 0x2f, 0xec, 0x15, 0x4c, 0x9e, 0xb5, 0xb8, 0x57, 0x38, 0x65,
  0xdb, 0xf2, 0x11, 0xfe, 0x7f, 0xdd, 0xe3, 0xce, 0x1f, 0x01, 0x11, 0x6c,
  0xae, 0xb0, 0x18, 0x70, 0x33, 0x7f, 0xd6, 0x51, 0x61, 0x6d, 0xcc, 0xa0,
  0xc0, 0xd8, 0x79, 0x3f, 0x3f, 0x53, 0xef, 0x37, 0xe5, 0xfa, 0x30, 0x61,
  0x20, 0xc4, 0xd7, 0xb3, 0x2a, 0xf7, 0x68, 0x7f, 0x0e, 0x45, 0x96, 0xab,
  0x0a, 0x58, 0x77, 0xea, 0xbc, 0x6a, 0x54, 0x7c, 0xb7, 0x45, 0xe3, 0x4b,
  0x4f, 0x56, 0x96, 0x3f, 0xf9, 0x97, 0x06, 0xb8, 0x9c, 0xdf, 0xe8, 0xd7,
  0xc3, 0x93, 0xe8, 0x20, 0xfb, 0x3b, 0x81, 0x96, 0x3c, 0xcd, 0xee, 0xdf,
  0x93, 0xcb, 0x45, 0xb9, 0x01, 0x9a, 0x57, 0x1a, 0x46, 0x97, 0xe3, 0xe4,
  0xab, 0x68, 0x0c, 0x40, 0x2b, 0x12, 0xcd, 0x42, 0xf6, 0xe6, 0x6e, 0x4b,
  0xd8, 0x35, 0xe3, 0x81, 0xe4, 0x11, 0xa4, 0xd4, 0xa6, 0x43, 0xbb, 0x54,
  0x7d, 0xd3, 0x35, 0x81, 0x13, 0x30, 0x24, 0x27, 0xa8, 0x90, 0xde, 0xf9,
  0xf4, 0x06, 0xf6, 0x03, 0x7f, 0xac, 0xf3, 0x09, 0xe1, 0x63, 0xd4, 0x1d,
  0x3c, 0xee, 0xf1, 0x98, 0xff, 0x9d, 0xfb, 0x6c, 0x79, 0x6b, 0x4c, 0xb6,
  0x5b, 0x49, 0x1e, 0xe3, 0x0b, 0xb8, 0xdd, 0x68, 0xce, 0x40, 0xa4, 0xa5,
  0x39, 0xb5, 0xc4, 0xef, 0xa9, 0x5d, 0xc9, 0xf0, 0x4c, 0xa2, 0x85, 0x31,
  0x0a, 0xd3, 0x95, 0x7f, 0xf7, 0xdd, 0xde, 0xa8, 0x26, 0xa6, 0x5c, 0x1e,
  0x71, 0x70, 0x95, 0x2c, 0x0e, 0x53, 0x23, 0x41, 0x7f, 0xb4, 0xea, 0x54,
  0x54, 0x2d, 0x98, 0x04, 0xf9, 0x15, 0x20, 0xa8, 0x1d, 0xbf, 0x1f, 0x65,
  0xa5, 0x0c, 0xd9, 0xc2, 0xb0, 0x81, 0xb3, 0x1f, 0xa5, 0xfc, 0x48, 0x04,
  0x01, 0xdf, 0xfe, 0x21, 0x08, 0x30, 0x56, 0xd6, 0x37, 0x32, 0xde, 0x24,
  0x46, 0xed, 0x75, 0x81, 0x01, 0xe2, 0xd7, 0x92, 0xc3, 0x07, 0x09, 0xb7,
  0x0b, 0xf4, 0xff, 0x05, 0x36, 0x01, 0xb7, 0x1e, 0x13, 0x0d, 0x1b, 0x33,
  0x5c, 0xc5, 0x55, 0x81, 0xbf, 0xec, 0xfe, 0x6a, 0x38, 0x30, 0xde, 0x8e,
  0xe4, 0xea, 0x31, 0x21, 0x10, 0x2e, 0x4b, 0x11, 0x1e, 0x9d, 0x33, 0xa1,
  0x1f, 0x39, 0x88, 0xa5, 0xbb, 0x64, 0x55, 0x24, 0x08, 0xb1, 0x82, 0x81,
  0x50, 0x2a, 0x29, 0x10, 0x54, 0x4e, 0x4f, 0x1c, 0xa1, 0x3d, 0x43, 0xfc,
  0xec, 0x0d, 0x0c, 0xbf, 0x32, 0x21, 0xec, 0x5c, 0x07, 0x72, 0x6d, 0x81,
  0xa8, 0x28, 0xe1, 0x65, 0xcb, 0xf9, 0x8f, 0xef, 0xfd, 0x14, 0xd1, 0x41,
  0xe1, 0xb1, 0x90, 0xf6, 0x9e, 0x46, 0xde, 0x81, 0xee, 0xd2, 0x25, 0xfd,
  0xc3, 0xde, 0xcf, 0x86, 0x0d, 0xcd, 0x16, 0x32, 0xbf, 0xed, 0x1f, 0x7f,
  0x44, 0xe0, 0xae, 0xd0, 0xc8, 0x98, 0x1a, 0xd7, 0xaa, 0x68, 0x50, 0xb5,
  0x24, 0x9e, 0xf2, 0xdc, 0x09, 0x9a, 0xa5, 0x32, 0x17, 0xbd, 0x81, 0x3b,
  0x06, 0x24, 0x52, 0x1a, 0xd9, 0x44, 0xf2, 0x89, 0x8a, 0xf3, 0x74, 0x3d,
  0xd5, 0x08, 0x90, 0x5b, 0x4c, 0x7f, 0x90, 0xed, 0xcd, 0xff, 0xfc, 0x65,
  0xf7, 0x05, 0x15, 0xce, 0x57, 0x79, 0xbc, 0x19, 0x10, 0xac, 0x86, 0x9a,
  0xdc, 0xa9, 0x9a, 0xfb, 0x3e, 0x1e, 0x60, 0xc2, 0xd1, 0x81, 0x65, 0x63,
  0x50, 0x0a, 0x96, 0xb9, 0xca, 0x83, 0xf3, 0x76, 0xaf, 0x20, 0xe3, 0xf8,
  0x1a, 0x97, 0xbb, 0xb9, 0xf0, 0xe7, 0x23, 0x1e, 0xa5, 0x50, 0xa2, 0x19,
  0x29, 0x0d, 0x9c, 0xf8, 0x6f, 0xc2, 0xe5, 0x40, 0xff, 0xa0, 0xf7, 0x41,
  0xf8, 0x3f, 0x45, 0x7f, 0xa6, 0x23, 0xda, 0xb3, 0xe9, 0xd6, 0xe7, 0x02,
  0x96, 0xfb, 0xcc, 0x81, 0xff, 0x4c, 0x2d, 0x32, 0xd3, 0x17, 0x2a, 0x84,
  0xd1, 0xcd, 0xf5, 0x0a, 0xbb, 0x2d, 0x2e, 0x45, 0x9c, 0x4a, 0x4b, 0xc4,
  0x00, 0xb3, 0xb3, 0xae, 0x0c, 0x3c, 0xe1, 0x26, 0xe7, 0x63, 0x22, 0x81,
  0xe7, 0x13, 0x0c, 0x95, 0xda, 0xff, 0x11, 0xc5, 0x55, 0x6b, 0x23, 0x64,
  0x10, 0x26, 0xd6, 0xd6, 0x95, 0x7b, 0xc7, 0xd8, 0x0e, 0xcf, 0x19, 0xc5,
  0x2b, 0x7f, 0x4b, 0x89, 0x27, 0x2d, 0x58, 0xb3, 0xb9, 0xf1, 0xf1, 0x53,
  0x47, 0xe3, 0x20, 0x81, 0xd0, 0xff, 0xee, 0xdb, 0x9d, 0x35, 0x12, 0xb0,
  0x49, 0x4d, 0x06, 0xf5, 0x44, 0xbd, 0x14, 0x20, 0xb4, 0x51, 0x88, 0x29,
  0x3b, 0x66, 0x81, 0x23, 0xb3, 0x9a, 0xb3, 0x15, 0x7c, 0x58, 0x24, 0x7b,
  0xd1, 0x3e, 0xca, 0x7c, 0x06, 0x30, 0x72, 0x84, 0xed, 0xa3, 0x00, 0x63,
  0x9f, 0xf1, 0x98, 0x8d, 0x1f, 0x99, 0x32, 0xa7, 0x0e, 0x68, 0xf4, 0x81,
  0xee, 0x0c, 0x1d, 0xad, 0xc6, 0xe6, 0x71, 0x41, 0x8b, 0x3c, 0xb3, 0x3d,
  0x93, 0xca, 0x5e, 0x12, 0x5d, 0x7f, 0xdd, 0x01, 0xbf, 0x1e, 0x5d, 0x39,
  0x3a, 0x4c, 0x2a, 0x1e, 0xa9, 0xf7, 0x07, 0xfc, 0x09, 0x4e, 0x64, 0x7f,
  0x3f, 0x24, 0x95, 0x3b, 0x9a, 0xf3, 0x70, 0x9a, 0x9e, 0x18, 0x55, 0x15,
  0xcc, 0x37, 0x76, 0x17, 0xa4, 0xe1, 0xcf, 0x7f, 0x23, 0x07, 0xe3, 0x39,
  0xbc, 0x59, 0x75, 0x29, 0x34, 0xee, 0xf7, 0x51, 0xfa, 0xa2, 0xc5, 0xf6,
  0xc9, 0xec, 0x9a, 0x59, 0xf6, 0x97, 0x43, 0x35, 0xe2, 0xb3, 0x1a, 0xb4,
  0x18, 0x5b, 0x7f, 0x75, 0x26, 0x05, 0x59, 0x92, 0xff, 0x6c, 0xe3, 0xe6,
  0xd3, 0x36, 0xfd, 0x2f, 0x86, 0xdb, 0xff, 0xff, 0x04, 0x00, 0x00, 0x00,
  0x80, 0x00, 0x00, 0x00, 0xa3, 0xff, 0xff, 0xff, 0xa9, 0x00, 0x00, 0x00,
  0xb0, 0xff, 0xff, 0xff, 0x12, 0x00, 0x00, 0x00, 0x74, 0xff, 0xff, 0xff,
  0xc2, 0xfe, 0xff, 0xff, 0x57, 0x00, 0x00, 0x00, 0x07, 0x00, 0x00, 0x00,
  0x23, 0xff, 0xff, 0xff, 0x87, 0x00, 0x00, 0x00, 0x01, 0x00, 0x00, 0x00,
  0x47, 0xff, 0xff, 0xff, 0x2f, 0x00, 0x00, 0x00, 0x95, 0x00, 0x00, 0x00,
  0x3c, 0x00, 0x00, 0x00, 0x7f, 0x01, 0x00, 0x00, 0x19, 0x00, 0x00, 0x00,
  0xd7, 0xff, 0xff, 0xff, 0x0f, 0x00, 0x00, 0x00, 0x68, 0x01, 0x00, 0x00,
  0x4f, 0xff, 0xff, 0xff, 0xc6, 0x00, 0x00, 0x00, 0x18, 0xff, 0xff, 0xff,
  0x58, 0xff, 0xff, 0xff, 0x4a, 0x00, 0x00, 0x00, 0x4d, 0xff, 0xff, 0xff,
  0x5f, 0x01, 0x00, 0x00, 0x82, 0xfe, 0xff, 0xff, 0x57, 0x00, 0x00, 0x00,
  0xbf, 0xff, 0xff, 0xff, 0xa5, 0x01, 0x00, 0x00, 0x20, 0x00, 0x00, 0x00,
  0x12, 0xdc, 0xff, 0xff, 0x04, 0x00, 0x00, 0x00, 0x20, 0x00, 0x00, 0x00,
  0x6f, 0x62, 0x6f, 0x6b, 0x5f, 0x6e, 0x6f, 0x68, 0x6f, 0x42, 0x4e, 0x5f,
  0x7f, 0x59, 0x69, 0x63, 0x5e, 0x74, 0x65, 0x55, 0x44, 0x53, 0x68, 0x7d,
  0x6b, 0x71, 0x3d, 0x6f, 0x65, 0x53, 0x4c, 0x79, 0x3e, 0xdc, 0xff, 0xff,
  0x04, 0x00, 0x00, 0x00, 0x20, 0x00, 0x00, 0x00, 0x00, 0xce, 0x0e, 0xe7,
  0xd2, 0xda, 0xae, 0xe2, 0xce, 0xb4, 0xd9, 0xee, 0x80, 0xc1, 0xe8, 0xc1,
  0xcf, 0xf8, 0xec, 0xaa, 0xde, 0xc3, 0xc6, 0xc0, 0xd1, 0xd7, 0xb5, 0xa9,
  0xd1, 0xed, 0xc5, 0xd8, 0x6a, 0xdc, 0xff, 0xff, 0x04, 0x00, 0x00, 0x00,
  0x00, 0x18, 0x00, 0x00, 0x07, 0x15, 0xf4, 0x1e, 0xc0, 0xd1, 0xf8, 0xb8,
  0xdd, 0xc7, 0x5b, 0xdb, 0xda, 0xdc, 0xaf, 0xd0, 0x0c, 0xa8, 0x4a, 0xfc,
  0xd7, 0x4c, 0xf8, 0xb5, 0x2c, 0xc6, 0x19, 0xb4, 0xd0, 0x61, 0x68, 0x63,
  0x53, 0x38, 0x2f, 0x60, 0x03, 0x32, 0xe8, 0x42, 0xf4, 0x39, 0x17, 0xb3,
  0xc1, 0xe8, 0xa8, 0xb0, 0xce, 0xe1, 0x16, 0xfd, 0xb9, 0xd3, 0xf7, 0xa5,
  0x81, 0x36, 0x56, 0xd9, 0x5f, 0x5c, 0x5f, 0x63, 0x38, 0xb1, 0x19, 0xd1,
  0x17, 0xc1, 0x00, 0xb1, 0xbf, 0x13, 0xf6, 0x95, 0x23, 0xa1, 0xe1, 0x44,
  0xc8, 0x44, 0x72, 0x1f, 0x2a, 0x2c, 0xae, 0xe2, 0xb6, 0xa7, 0x20, 0xde,
  0x36, 0x5e, 0x49, 0x37, 0x55, 0x4c, 0x36, 0x66, 0xf0, 0x0b, 0xc9, 0xc2,
  0xaa, 0x41, 0x34, 0xce, 0x20, 0x6b, 0x69, 0xaa, 0xd2, 0x24, 0x49, 0xa2,
  0x61, 0x3d, 0x3e, 0x11, 0xbf, 0x0d, 0x90, 0x78, 0x3a, 0xd3, 0x52, 0xd0,
  0x3e, 0x3b, 0x92, 0x39, 0x05, 0xd1, 0x21, 0x3b, 0x19, 0x11, 0x9c, 0x95,
  0xff, 0xdf, 0xdc, 0xd9, 0xa3, 0xdf, 0x8c, 0xe2, 0x60, 0x51, 0xfd, 0xb6,
  0x41, 0x6b, 0x95, 0x62, 0xfd, 0x8e, 0xd7, 0x1e, 0xca, 0xbf, 0xee, 0x36,
  0x45, 0x22, 0xbf, 0x4c, 0xdf, 0x5b, 0x04, 0x34, 0x63, 0xdd, 0x72, 0xba,
  0xf9, 0x2b, 0x2d, 0x60, 0xa3, 0xb7, 0xf7, 0x16, 0xeb, 0x05, 0xd8, 0xea,
  0x68, 0x52, 0x81, 0xbe, 0xc8, 0x3e, 0xfb, 0x0b, 0x31, 0xbb, 0xad, 0xab,
  0x7f, 0xe9, 0xd0, 0x4e, 0x4f, 0xfc, 0xc8, 0x41, 0xcf, 0xfd, 0x35, 0xb8,
  0x38, 0x3f, 0x88, 0xe7, 0x89, 0x94, 0xbb, 0xbe, 0x47, 0x01, 0xb0, 0x2f,
  0x03, 0x42, 0x3e, 0x95, 0xc7, 0x27, 0xed, 0xed, 0xf6, 0x37, 0xc8, 0x13,
  0xd1, 0xb6, 0x07, 0xda, 0xcf, 0xf3, 0x4f, 0x07, 0x11, 0x07, 0xbc, 0x10,
  0xf3, 0x12, 0x0d, 0xc1, 0xdd, 0x1d, 0x0b, 0x0b, 0x39, 0x4d, 0xf9, 0xd1,
  0xf7, 0x47, 0x38, 0x46, 0xb7, 0xe4, 0xca, 0xf7, 0xbc, 0x61, 0xe5, 0xda,
  0xca, 0x20, 0xdb, 0x3d, 0xe1, 0x4c, 0x3c, 0xfd, 0x2a, 0x18, 0xb1, 0x0d,
  0xc1, 0x4d, 0x28, 0xe1, 0xfe, 0x04, 0xd5, 0xb3, 0x00, 0x33, 0xf4, 0x7f,
  0x5c, 0xeb, 0xeb, 0x26, 0xcd, 0x75, 0xee, 0x01, 0x12, 0x5e, 0xbe, 0x6a,
  0x47, 0x1f, 0x66, 0x4c, 0x4c, 0xc3, 0xe0, 0x47, 0x55, 0xb4, 0xd5, 0xca,
  0x2d, 0xb0, 0x44, 0xc9, 0x01, 0x0a, 0x63, 0x5d, 0x25, 0x41, 0xee, 0xfa,
  0x59, 0xc8, 0xd8, 0xe3, 0x2c, 0x67, 0xf2, 0x71, 0x29, 0x6a, 0x5d, 0x02,
  0x7a, 0x06, 0xc8, 0x1d, 0xf9, 0x03, 0xfd, 0xd0, 0x0d, 0xae, 0xf0, 0x72,
  0x3b, 0x31, 0x37, 0x4f, 0xd4, 0x19, 0x0c, 0x40, 0xfe, 0xc5, 0x11, 0xd0,
  0x4e, 0x28, 0x43, 0xf4, 0x32, 0xe3, 0xae, 0xe6, 0xe9, 0xcc, 0xd8, 0x1b,
  0xec, 0x09, 0x02, 0x5c, 0xf3, 0xb4, 0xdd, 0x62, 0x1d, 0x62, 0xbd, 0x1d,
  0x37, 0xe0, 0xf0, 0x9b, 0x08, 0xb7, 0x1b, 0xc0, 0x68, 0x5f, 0x42, 0x30,
  0x33, 0x22, 0x32, 0xb3, 0x51, 0x30, 0xc9, 0x29, 0xb8, 0x29, 0xca, 0xa3,
  0xa8, 0x51, 0xf7, 0xe8, 0x54, 0x20, 0xca, 0x7b, 0x7f, 0x73, 0x2c, 0x07,
  0x46, 0x05, 0x2b, 0x52, 0x53, 0xf2, 0x9e, 0x46, 0xe3, 0xdc, 0x4f, 0x37,
  0x1f, 0x6e, 0xa6, 0x32, 0x99, 0xe9, 0x26, 0x0c, 0x89, 0x0b, 0x46, 0xa8,
  0xb8, 0x46, 0x2b, 0x56, 0x3f, 0x3b, 0x0d, 0x5c, 0x26, 0x5e, 0xe1, 0xb1,
  0xf4, 0x45, 0xc3, 0xda, 0xe7, 0x26, 0xf6, 0xbd, 0x0c, 0x0b, 0x9b, 0x0f,
  0xc1, 0xcd, 0x8d, 0xce, 0x2a, 0x2c, 0xe0, 0xa2, 0x20, 0x47, 0xc7, 0x0f,
  0x63, 0x62, 0xe4, 0x27, 0x85, 0x65, 0x0c, 0xcd, 0x3e, 0x73, 0xbd, 0x68,
  0xd8, 0x2a, 0x2a, 0xee, 0x50, 0x0f, 0xe0, 0xc3, 0xc5, 0x18, 0x04, 0x17,
  0xc6, 0x55, 0x7f, 0x2a, 0x53, 0x58, 0x91, 0x56, 0x66, 0xbe, 0x3f, 0x4f,
  0xf1, 0x4b, 0x7a, 0x42, 0xce, 0x21, 0x4d, 0xd4, 0x62, 0x69, 0xd2, 0xf2,
  0x34, 0xd9, 0xdc, 0xe9, 0xb4, 0x37, 0x6f, 0x49, 0x71, 0x61, 0x61, 0xa8,
  0xbe, 0xb2, 0xe5, 0x1f, 0x39, 0x63, 0x14, 0x5c, 0xe7, 0x40, 0x63, 0x0f,
  0xa5, 0xe7, 0x2d, 0x68, 0x1a, 0x33, 0x05, 0xca, 0x34, 0x2f, 0x4c, 0x0f,
  0xb4, 0x63, 0xe2, 0x57, 0x1b, 0x3b, 0x54, 0x2a, 0xb5, 0x14, 0xf7, 0xaf,
  0x8c, 0x36, 0xa0, 0x48, 0x3d, 0xb6, 0x07, 0xfb, 0xf8, 0xcb, 0x3a, 0xb3,
  0xa4, 0xc8, 0xbc, 0xa6, 0x9f, 0x22, 0x5c, 0xf9, 0x56, 0xc2, 0x6c, 0x09,
  0x3b, 0xc4, 0x3f, 0x41, 0x57, 0xf9, 0x26, 0xcb, 0xbe, 0xe1, 0xdd, 0xdd,
  0x43, 0x1f, 0x0f, 0x9e, 0xef, 0xe7, 0x6a, 0x4b, 0xd7, 0x13, 0x28, 0xda,
  0x55, 0x04, 0x34, 0x98, 0x3b, 0x4d, 0xed, 0xaa, 0x3b, 0x02, 0x1b, 0xbd,
  0x61, 0x02, 0x71, 0x52, 0x7f, 0x49, 0x40, 0xaa, 0x2f, 0x9d, 0xe9, 0xb5,
  0xe8, 0x87, 0x21, 0x4f, 0xbb, 0x63, 0xf1, 0x58, 0xd4, 0xdf, 0xaf, 0x89,
  0xe0, 0x29, 0x51, 0x1e, 0x4b, 0x9e, 0x05, 0x61, 0x11, 0x2c, 0x5c, 0xce,
  0xda, 0xdd, 0x99, 0xc1, 0x73, 0xc4, 0xe7, 0x5d, 0xa8, 0xe9, 0xbc, 0xe2,
  0x48, 0xa5, 0x0d, 0x7a, 0x15, 0x3a, 0x19, 0x16, 0x54, 0x05, 0xa0, 0x69,
  0x3a, 0x89, 0x03, 0x74, 0x56, 0xf8, 0x5f, 0x14, 0xd5, 0x28, 0x03, 0xcf,
  0xfb, 0xf7, 0xb0, 0xf0, 0x28, 0x0c, 0x21, 0xa0, 0xc3, 0xde, 0x71, 0x08,
  0xcb, 0x74, 0xbc, 0x52, 0x07, 0x0b, 0x21, 0x57, 0x47, 0x01, 0xcf, 0x37,
  0x36, 0xb7, 0x5e, 0x34, 0x2e, 0xde, 0xf5, 0x2e, 0x23, 0x4b, 0x31, 0x1c,
  0x2b, 0x01, 0xbe, 0xf7, 0x16, 0x81, 0xe0, 0x24, 0xdf, 0x32, 0xce, 0x25,
  0xa0, 0xd1, 0x0a, 0x17, 0x06, 0xb6, 0xd8, 0x97, 0xee, 0xd3, 0x63, 0x38,
  0xed, 0xf0, 0x22, 0xb2, 0x56, 0xe0, 0xc4, 0xfc, 0x2e, 0x2b, 0xfa, 0xb9,
  0xaf, 0x01, 0x72, 0xb1, 0x50, 0x44, 0x7f, 0x09, 0x4f, 0xad, 0xdf, 0xb9,
  0x1c, 0xc6, 0xe3, 0x47, 0x1e, 0x6d, 0xc9, 0x13, 0xa2, 0x0f, 0xf2, 0xc1,
  0xee, 0x14, 0x49, 0xd5, 0x56, 0x49, 0xb4, 0xe7, 0xc2, 0x5c, 0xab, 0x00,
  0x3a, 0x3f, 0x4f, 0x06, 0x3f, 0x31, 0x70, 0xc3, 0x71, 0x71, 0x35, 0x08,
  0xf8, 0x73, 0x54, 0xda, 0x55, 0xe3, 0x15, 0x49, 0xcf, 0xba, 0x0f, 0x02,
  0xf1, 0xac, 0x65, 0x74, 0xac, 0xee, 0xbd, 0x38, 0xcf, 0x91, 0x37, 0xff,
  0x4e, 0xda, 0x77, 0xc3, 0xda, 0x07, 0xc7, 0x3c, 0x2f, 0x17, 0xa7, 0xe1,
  0x81, 0x99, 0x16, 0x7e, 0x49, 0xe1, 0x45, 0xb4, 0x4f, 0x27, 0xfc, 0x8c,
  0x86, 0x4d, 0xe7, 0x64, 0x02, 0xaf, 0xd7, 0x3e, 0xb6, 0xef, 0xa0, 0x30,
  0x9a, 0xdb, 0xff, 0xc3, 0x1e, 0x33, 0x4a, 0xc2, 0x1a, 0xe8, 0xfd, 0x5f,
  0x47, 0x0e, 0x1f, 0x2e, 0x65, 0xa9, 0x1f, 0x48, 0x97, 0xd8, 0xe6, 0x69,
  0x10, 0xdb, 0xd1, 0x7d, 0x47, 0x51, 0xbd, 0xe3, 0x12, 0xd5, 0x46, 0x23,
  0x4b, 0xae, 0xe7, 0xc1, 0x05, 0xb9, 0xcf, 0x17, 0xbd, 0x24, 0xd4, 0xc6,
  0x0d, 0x19, 0xa3, 0x90, 0xa0, 0x02, 0x76, 0x7b, 0xf3, 0x1b, 0xe1, 0x30,
  0x41, 0x92, 0xe4, 0x2c, 0x03, 0x41, 0xbc, 0x7f, 0x33, 0x50, 0x2e, 0xe1,
  0x61, 0x18, 0xd7, 0xbe, 0xfe, 0xed, 0xb7, 0xe9, 0x5c, 0xa5, 0x47, 0x1c,
  0x8d, 0xcf, 0xcf, 0xb9, 0xe4, 0x08, 0xb3, 0x28, 0x2f, 0xd5, 0x73, 0x2e,
  0xc0, 0x2f, 0x21, 0x52, 0x31, 0x3b, 0x5e, 0xed, 0x24, 0x78, 0xb5, 0xe3,
  0xc5, 0x3e, 0x96, 0xd0, 0xe3, 0x25, 0x7d, 0x0f, 0x22, 0x14, 0xec, 0x0d,
  0xb5, 0x44, 0x6d, 0xe7, 0x44, 0x69, 0xfc, 0x99, 0x4d, 0xba, 0xdc, 0x6d,
  0xf1, 0xbd, 0xbf, 0x72, 0x5e, 0x31, 0xdf, 0xab, 0x1d, 0xb4, 0x1e, 0xe1,
  0x68, 0xf6, 0xf6, 0xea, 0x2b, 0x73, 0xcd, 0x20, 0xba, 0xd7, 0xbf, 0xbd,
  0x4e, 0xf7, 0x7b, 0xeb, 0x37, 0xf2, 0x2b, 0x28, 0x3e, 0xee, 0xce, 0x73,
  0xfe, 0x42, 0x3a, 0x3c, 0xbb, 0x3f, 0x9f, 0xf6, 0xad, 0x15, 0xe8, 0x3e,
  0x19, 0x6d, 0x1d, 0xfb, 0x2e, 0x02, 0x57, 0xd0, 0x56, 0x2e, 0xf9, 0xa1,
  0x34, 0x57, 0xe9, 0x00, 0x0a, 0x33, 0x33, 0x52, 0x17, 0xa1, 0xd6, 0x04,
  0xe0, 0x41, 0x2a, 0xee, 0x37, 0xde, 0xaf, 0x48, 0x75, 0x37, 0x2c, 0x20,
  0x7d, 0x0f, 0xd2, 0x2a, 0x07, 0x51, 0x00, 0xbd, 0xaa, 0x75, 0x5f, 0xb2,
  0x72, 0xe9, 0x39, 0x07, 0xf5, 0xfb, 0x64, 0xda, 0xf4, 0xf9, 0x47, 0x1b,
  0xae, 0x55, 0xe5, 0x0b, 0x5e, 0x6e, 0xe2, 0x69, 0x7f, 0xe3, 0xf7, 0x0f,
  0x1d, 0x32, 0x63, 0x0b, 0xef, 0x07, 0xb5, 0xcd, 0x9c, 0x3c, 0xd0, 0x48,
  0x28, 0x2f, 0xee, 0xc4, 0x28, 0x49, 0x74, 0x05, 0x1e, 0xd9, 0x07, 0x23,
  0xac, 0x30, 0x3a, 0x0a, 0x09, 0xcb, 0xee, 0x49, 0xff, 0x34, 0x95, 0xcf,
  0x3e, 0xf0, 0xc4, 0xab, 0xf3, 0xdf, 0xef, 0xe4, 0xd6, 0x11, 0xff, 0x14,
  0x30, 0xe4, 0x61, 0x30, 0xdc, 0x2b, 0xdc, 0x58, 0xf9, 0xdd, 0x2d, 0xde,
  0xcc, 0x48, 0xc9, 0x3a, 0xd0, 0x99, 0xda, 0x21, 0x28, 0xcb, 0x14, 0x2c,
  0xa6, 0x3f, 0xe6, 0x08, 0x1d, 0xbb, 0x0a, 0x1d, 0x09, 0x1d, 0x56, 0x1f,
  0xfe, 0x06, 0xc0, 0x44, 0xfc, 0xce, 0x5f, 0xe6, 0xd2, 0x61, 0x32, 0x15,
  0xb0, 0xf7, 0xcb, 0x81, 0xa0, 0x3f, 0xe5, 0x20, 0xe4, 0x4d, 0xa9, 0xf2,
  0x35, 0x4b, 0x34, 0x1e, 0xb5, 0x0b, 0xb6, 0x04, 0xac, 0xb8, 0xe5, 0x47,
  0x5c, 0xc9, 0xae, 0x6f, 0x6b, 0xc1, 0xca, 0x60, 0xe7, 0x41, 0x97, 0x4f,
  0x93, 0x16, 0xe2, 0x5a, 0x6b, 0x29, 0x06, 0x60, 0x00, 0x1a, 0x36, 0x1b,
  0xac, 0xeb, 0x46, 0xfe, 0xcc, 0xc1, 0x6d, 0xc5, 0x5c, 0xe7, 0x0f, 0x6e,
  0x4f, 0xce, 0x26, 0xe5, 0x22, 0x65, 0xe5, 0xc5, 0xbe, 0xe1, 0x23, 0x0d,
  0x00, 0x7f, 0xf4, 0x4d, 0x42, 0xcc, 0x4e, 0xfa, 0x0a, 0x22, 0xd3, 0x3b,
  0xdc, 0xf5, 0xfb, 0xac, 0x65, 0x7a, 0x72, 0x1e, 0x38, 0x3b, 0x55, 0xc8,
  0xbe, 0x2c, 0xf9, 0x67, 0xd0, 0x0e, 0x1a, 0x03, 0xf9, 0x48, 0x6d, 0x2b,
  0xb7, 0xc0, 0xfe, 0x66, 0x2f, 0x54, 0xa7, 0xc8, 0xd8, 0xbf, 0x3a, 0x02,
  0xf0, 0xf1, 0x4b, 0xa7, 0xca, 0xba, 0x40, 0xba, 0x34, 0x36, 0x70, 0x2e,
  0x73, 0x6a, 0x28, 0x2c, 0x2e, 0xa1, 0xd2, 0x5c, 0x7f, 0x7a, 0xc0, 0x54,
  0xc0, 0x3a, 0x5e, 0x15, 0x53, 0xbd, 0x3d, 0xbd, 0x42, 0x7e, 0xcc, 0x13,
  0x50, 0xf1, 0x7d, 0xe2, 0x29, 0xee, 0xd8, 0xda, 0x4a, 0x2e, 0xf8, 0xb1,
  0x06, 0xfc, 0xc6, 0x4e, 0xc5, 0x14, 0x47, 0x53, 0x34, 0x74, 0xea, 0xb8,
  0xaa, 0x26, 0x3b, 0x2f, 0x75, 0xe1, 0x60, 0x8d, 0xc6, 0x1f, 0x5b, 0xf2,
  0xbb, 0x57, 0xe2, 0x35, 0xeb, 0x66, 0x35, 0x45, 0x3c, 0xd9, 0xfd, 0x47,
  0x50, 0x23, 0x16, 0x4b, 0xa1, 0x45, 0x24, 0xff, 0xb9, 0x5e, 0xf3, 0x4a,
  0x68, 0x66, 0x06, 0x2d, 0x70, 0xf0, 0x4f, 0x69, 0x46, 0xcd, 0x22, 0xb7,
  0x07, 0xf7, 0x6f, 0xec, 0x72, 0x9a, 0x01, 0x7f, 0x51, 0xb9, 0x2e, 0xff,
  0x34, 0x0e, 0x58, 0x55, 0x26, 0x14, 0xc5, 0xdd, 0x11, 0x79, 0xf7, 0x02,
  0xc7, 0xca, 0xf1, 0xf9, 0x08, 0x54, 0x0d, 0x1d, 0x8c, 0x47, 0x7e, 0xae,
  0xd0, 0x37, 0xfd, 0x2b, 0xdd, 0x32, 0x14, 0x67, 0xd0, 0x05, 0xed, 0xeb,
  0x2a, 0x1b, 0x10, 0xe7, 0x07, 0x16, 0xda, 0xef, 0x1b, 0x61, 0x0a, 0xff,
  0x46, 0x0f, 0xf7, 0xf4, 0xe7, 0xc9, 0x91, 0x9d, 0x39, 0xd1, 0xd8, 0xe3,
  0xb5, 0xf2, 0x19, 0xf5, 0x16, 0x3d, 0xdd, 0xa7, 0x22, 0x81, 0xe0, 0xfb,
  0x82, 0x8a, 0xab, 0x96, 0xdc, 0x6b, 0x8b, 0x99, 0x28, 0x17, 0xdc, 0x0b,
  0xe2, 0xc7, 0x20, 0x9b, 0xce, 0x9f, 0x18, 0x31, 0x46, 0x1c, 0xd0, 0x13,
  0xdf, 0xe7, 0xb4, 0xeb, 0xba, 0xbb, 0x8c, 0xfb, 0x2d, 0x01, 0xf6, 0xf6,
  0xce, 0xdb, 0x87, 0xb8, 0xa8, 0x35, 0xb7, 0xf2, 0xcd, 0xbe, 0xa1, 0x97,
  0x01, 0xde, 0xba, 0x22, 0x9e, 0x9b, 0x0b, 0x81, 0x31, 0x2c, 0xd0, 0xa8,
  0x95, 0xc5, 0x30, 0x39, 0xfd, 0xa2, 0x93, 0xd4, 0xe4, 0x6a, 0x26, 0xaa,
  0xb3, 0x0b, 0xed, 0xc1, 0x33, 0x61, 0xed, 0xf8, 0x71, 0xff, 0x55, 0xe2,
  0x50, 0xf7, 0x11, 0xf6, 0xd7, 0xb9, 0xb7, 0xed, 0x42, 0x09, 0xf6, 0x96,
  0xd7, 0xec, 0x44, 0x4c, 0x10, 0x5a, 0x19, 0x46, 0x47, 0x7c, 0xe6, 0xf6,
  0x6e, 0x24, 0xeb, 0x00, 0x2f, 0xd3, 0x67, 0xd8, 0xa8, 0xd1, 0x05, 0x0a,
  0x3c, 0x05, 0x47, 0xe9, 0xfd, 0xde, 0xfd, 0xb3, 0x56, 0xbc, 0xc2, 0x3e,
  0x8f, 0xb9, 0xb2, 0x29, 0xe2, 0xc5, 0xb9, 0x04, 0x01, 0x38, 0xfd, 0xfd,
  0x02, 0x0c, 0x7f, 0x3b, 0x64, 0xdd, 0xb6, 0x30, 0x21, 0x26, 0x0c, 0x51,
  0xf8, 0x37, 0x54, 0xe3, 0x07, 0x9a, 0xdd, 0x51, 0xc6, 0x0a, 0xbc, 0x58,
  0x61, 0x2c, 0xe4, 0x3e, 0xff, 0xab, 0xf0, 0x07, 0xb7, 0xc6, 0xe3, 0x60,
  0xf0, 0xd1, 0xc6, 0x47, 0x58, 0x44, 0x2b, 0xa4, 0xdf, 0xcd, 0xe1, 0xf3,
  0xab, 0x24, 0x2d, 0x37, 0x13, 0x55, 0xd0, 0x33, 0xd2, 0x29, 0x47, 0x03,
  0xca, 0x0f, 0x15, 0x2c, 0xbf, 0x4b, 0x48, 0x00, 0xdb, 0x66, 0xc1, 0xaf,
  0xcb, 0x59, 0x7f, 0xd2, 0xfe, 0xdd, 0xe0, 0x3c, 0x1d, 0x3e, 0xca, 0x2d,
  0x17, 0x26, 0xe4, 0x4e, 0x25, 0xe1, 0x1f, 0xb2, 0x0c, 0xe3, 0x39, 0x3c,
  0x22, 0xe8, 0x4b, 0xca, 0xea, 0x07, 0x1a, 0xa8, 0xb9, 0x46, 0x14, 0xc9,
  0xc1, 0x01, 0x3b, 0x47, 0xac, 0xd6, 0x22, 0xb2, 0xe4, 0x4c, 0xd7, 0x05,
  0xd3, 0x39, 0x15, 0xcd, 0xb7, 0xc0, 0x2e, 0xea, 0xa3, 0xc9, 0xe2, 0x8d,
  0xb3, 0x0e, 0xa3, 0x3e, 0x1f, 0x91, 0x18, 0x3f, 0x00, 0xc2, 0x17, 0xb6,
  0x1f, 0x22, 0xf6, 0xba, 0xf7, 0xd0, 0x96, 0x40, 0x0a, 0x81, 0xe5, 0x34,
  0x43, 0x91, 0x00, 0x44, 0x35, 0xad, 0xc5, 0xa1, 0xf8, 0xdb, 0x8d, 0xe5,
  0x6a, 0x0e, 0xa8, 0xb9, 0xa2, 0xce, 0x9c, 0xa5, 0xc5, 0xae, 0xbb, 0xd8,
  0x23, 0x3d, 0xf9, 0xfd, 0x91, 0xc9, 0xfe, 0x5a, 0xcf, 0x2f, 0x2c, 0x09,
  0x20, 0xe5, 0x05, 0x96, 0x01, 0xd4, 0xd1, 0x32, 0x5a, 0xed, 0x30, 0x03,
  0xfa, 0x35, 0x24, 0x8f, 0x9a, 0xf3, 0x9e, 0xdc, 0xbf, 0xff, 0xdd, 0xe4,
  0x1b, 0xcc, 0x9e, 0xdb, 0x0f, 0x27, 0x3a, 0xb9, 0xe1, 0x45, 0x92, 0x1f,
  0x33, 0xc3, 0xec, 0x48, 0x2c, 0x1f, 0x38, 0x17, 0xde, 0xd1, 0xe1, 0x63,
  0x6e, 0x6b, 0x08, 0x54, 0x2b, 0x0f, 0xee, 0xdb, 0x37, 0xfd, 0x21, 0xb3,
  0x1a, 0x18, 0x72, 0x46, 0xd8, 0x8e, 0xbc, 0x20, 0x02, 0x67, 0x5e, 0xda,
  0x4f, 0xe8, 0x62, 0x5e, 0xdf, 0xc0, 0x13, 0x3b, 0x39, 0x1f, 0x47, 0x75,
  0x62, 0x28, 0x1f, 0xdb, 0x60, 0x06, 0xe0, 0x2f, 0x00, 0x1b, 0xfd, 0x19,
  0x7f, 0x1a, 0xc8, 0x0a, 0xd2, 0xeb, 0x08, 0x57, 0xf7, 0x39, 0xda, 0x79,
  0xa6, 0xe9, 0x21, 0x19, 0x3d, 0x75, 0x64, 0x5f, 0x35, 0x54, 0x64, 0xa8,
  0x24, 0xd1, 0x3d, 0xba, 0x30, 0xcf, 0xc6, 0x1f, 0xde, 0x4d, 0x9b, 0x50,
  0xc2, 0xa6, 0x08, 0x3a, 0xd9, 0xce, 0xac, 0x03, 0xcc, 0x45, 0x21, 0x49,
  0x76, 0x34, 0xf8, 0x64, 0xd0, 0xbd, 0xee, 0x24, 0x39, 0x38, 0x76, 0xa4,
  0xde, 0xd8, 0x2d, 0xf5, 0x1f, 0xb4, 0x05, 0x34, 0x0b, 0xcf, 0xcf, 0x60,
  0x40, 0xc6, 0xb6, 0xfa, 0x10, 0xd9, 0x01, 0xb4, 0x4b, 0xea, 0x57, 0x55,
  0xac, 0x84, 0xac, 0xfa, 0xdc, 0x74, 0x76, 0x86, 0xdd, 0x35, 0x7e, 0xd6,
  0x96, 0xa5, 0x0e, 0xf8, 0x8e, 0xff, 0x58, 0xee, 0xb7, 0x0c, 0x03, 0xe9,
  0xee, 0xde, 0x1d, 0xce, 0xd3, 0x9e, 0x39, 0x0c, 0xb5, 0x81, 0xcc, 0x5c,
  0x30, 0x2c, 0x03, 0xa5, 0xda, 0x39, 0xc7, 0xde, 0xb6, 0x05, 0x9d, 0x35,
  0x3d, 0x2c, 0xec, 0xc9, 0x8a, 0x53, 0x6c, 0x12, 0x1b, 0xa1, 0xd3, 0x56,
  0x1a, 0x9b, 0x1e, 0x69, 0xe3, 0xfd, 0x6d, 0x23, 0x42, 0x0c, 0xa8, 0xf3,
  0xcc, 0x42, 0xe1, 0x0a, 0x9f, 0xfe, 0xa4, 0xcd, 0x17, 0xb7, 0xe6, 0xfd,
  0x12, 0x45, 0x13, 0x9b, 0x34, 0x04, 0xe0, 0xba, 0x07, 0x1f, 0x77, 0xce,
  0x05, 0x2d, 0x0d, 0xc9, 0xa8, 0xbd, 0xd3, 0xe2, 0x54, 0x0e, 0xbe, 0x5b,
  0xf2, 0xcc, 0x36, 0x02, 0x7f, 0xfb, 0xc2, 0xe8, 0xda, 0xff, 0x2f, 0xf4,
  0xdf, 0xe2, 0xcc, 0xfc, 0x98, 0x43, 0x2b, 0xb3, 0x1e, 0x23, 0x50, 0x11,
  0x13, 0x3e, 0x3f, 0xf2, 0x0f, 0xd9, 0x21, 0x32, 0xcb, 0xa4, 0xaa, 0xf9,
  0xcd, 0xb3, 0xd1, 0x0c, 0x37, 0xe1, 0x43, 0x68, 0xce, 0x43, 0xbe, 0x51,
  0x7f, 0x3d, 0xcd, 0x0c, 0x7c, 0xd9, 0x23, 0x74, 0xd6, 0x21, 0xef, 0xcc,
  0x8e, 0x25, 0x7a, 0xfd, 0xfc, 0xfc, 0xc9, 0x07, 0x70, 0x09, 0x76, 0x68,
  0xf6, 0x4c, 0x3a, 0x72, 0x19, 0xd5, 0xc7, 0x45, 0xf7, 0x1a, 0x52, 0xc9,
  0x5a, 0x33, 0xd0, 0x21, 0x6a, 0xda, 0x77, 0x36, 0xee, 0x36, 0x77, 0xf8,
  0x47, 0xb4, 0x43, 0x2d, 0x21, 0x65, 0xe6, 0x34, 0xa9, 0xd9, 0x4d, 0xfe,
  0x3d, 0x4e, 0xd9, 0x4d, 0x74, 0x22, 0x29, 0x50, 0x6c, 0x21, 0x00, 0x37,
  0xda, 0x22, 0x73, 0x23, 0xef, 0x22, 0x3a, 0xff, 0xff, 0xe1, 0x57, 0x25,
  0x8f, 0x1a, 0x1b, 0xbd, 0x39, 0x38, 0xe4, 0xee, 0x37, 0x3a, 0x26, 0xb0,
  0x44, 0xbc, 0x51, 0x46, 0xcc, 0x7f, 0x15, 0xef, 0x4d, 0x9b, 0x62, 0x18,
  0x64, 0x99, 0x88, 0x2e, 0xa2, 0xeb, 0x15, 0x9e, 0xb8, 0x2b, 0xef, 0x00,
  0x19, 0x5e, 0x3f, 0x4b, 0xeb, 0x0a, 0xd1, 0x53, 0x11, 0xb0, 0x6d, 0xbe,
  0x33, 0x7b, 0xde, 0x5c, 0xb7, 0xa1, 0xa6, 0x4a, 0x99, 0x93, 0xcf, 0xb6,
  0x4f, 0x2e, 0x76, 0xad, 0x96, 0xf3, 0x02, 0x35, 0xe2, 0xf7, 0x10, 0x1f,
  0xaa, 0x95, 0xe2, 0xdd, 0xee, 0xb3, 0xbf, 0x4a, 0xf5, 0x65, 0xe0, 0xd8,
  0xc0, 0x0f, 0xdc, 0x1b, 0x29, 0xf8, 0xef, 0xc5, 0xeb, 0x25, 0x30, 0xcf,
  0x03, 0xef, 0x4c, 0x06, 0xa4, 0xb7, 0xf9, 0xde, 0x2b, 0x33, 0x4c, 0x52,
  0xf0, 0xdb, 0xdb, 0x4c, 0x00, 0xe7, 0x7f, 0x48, 0x4f, 0xa6, 0xb7, 0xd0,
  0x13, 0xbb, 0x62, 0x21, 0xf7, 0x43, 0xbc, 0x0d, 0x0d, 0x39, 0xe4, 0xd3,
  0xd4, 0x2d, 0x50, 0x93, 0x9e, 0x90, 0x9f, 0xb7, 0xe8, 0xe2, 0x4f, 0x02,
  0x2e, 0x47, 0x63, 0x17, 0xc2, 0xaf, 0xd2, 0xea, 0x0a, 0xc1, 0xd8, 0x49,
  0xc4, 0xa9, 0xf4, 0x03, 0x64, 0xd3, 0x56, 0x4c, 0x04, 0xea, 0x71, 0xe0,
  0x4f, 0xbd, 0x48, 0x6c, 0xb4, 0x47, 0x3a, 0x16, 0xd3, 0xaa, 0x61, 0x42,
  0x38, 0xa8, 0x13, 0x1d, 0x8f, 0x7a, 0xad, 0xc3, 0x9a, 0x09, 0x41, 0x24,
  0x13, 0x89, 0xc1, 0xc4, 0x6e, 0x22, 0xe8, 0x88, 0xc9, 0xd5, 0xfd, 0xcc,
  0xde, 0x92, 0x5e, 0x51, 0x41, 0x21, 0x39, 0x69, 0x8a, 0x44, 0xb8, 0xdc,
  0xac, 0xfa, 0x49, 0x1e, 0xdd, 0xe4, 0xe6, 0x21, 0x4e, 0x8e, 0x92, 0xb3,
  0x0e, 0xbc, 0x18, 0xdc, 0xe6, 0xc6, 0x38, 0x31, 0x14, 0x4f, 0x20, 0xff,
  0xda, 0xd5, 0x1a, 0xfa, 0x18, 0xec, 0xad, 0x8a, 0xf4, 0xa4, 0x08, 0x1e,
  0x3c, 0xdb, 0x32, 0x06, 0xa5, 0xb4, 0x52, 0xee, 0xf5, 0xe9, 0xf1, 0x8e,
  0x78, 0xcf, 0x9f, 0x5c, 0xe4, 0x34, 0x7f, 0xdb, 0xa9, 0x18, 0x8f, 0x0f,
  0xb6, 0x9c, 0xd0, 0x0e, 0x26, 0x18, 0xa6, 0x0b, 0xfd, 0xb4, 0xf6, 0x0e,
  0xac, 0xd5, 0x4a, 0x64, 0x06, 0xc9, 0xcb, 0x2a, 0x28, 0x45, 0xe6, 0x35,
  0xcd, 0x0c, 0x66, 0xec, 0x0e, 0xda, 0x44, 0x5e, 0x51, 0xe8, 0x9c, 0xb2,
  0x95, 0x3b, 0xfa, 0x96, 0xe6, 0xec, 0xc2, 0x10, 0x05, 0xcd, 0xd4, 0xe8,
  0x86, 0x3d, 0x7d, 0xae, 0x31, 0xbf, 0x3d, 0xc4, 0xed, 0xe2, 0x2d, 0x60,
  0x7f, 0x62, 0xa6, 0xfc, 0x49, 0x0c, 0xee, 0x96, 0x3c, 0x4c, 0x05, 0x11,
  0x84, 0x3e, 0xec, 0xfe, 0xa6, 0x50, 0xab, 0x3b, 0xb3, 0x01, 0xcd, 0xfc,
  0xcb, 0xe2, 0xb7, 0x56, 0xda, 0x3e, 0x60, 0x7c, 0xe5, 0xc9, 0x1b, 0x4b,
  0xc9, 0xc4, 0xf5, 0x86, 0xd7, 0xed, 0x81, 0xad, 0x9e, 0x43, 0x96, 0xd6,
  0xbc, 0xcf, 0xa4, 0x5c, 0xee, 0xb3, 0x28, 0x11, 0x33, 0x01, 0xce, 0x0d,
  0xf4, 0xd2, 0x28, 0x28, 0xaa, 0xe7, 0xde, 0x37, 0x43, 0x0a, 0xa0, 0x00,
  0xe2, 0x2e, 0x81, 0x3a, 0x2b, 0x1e, 0xef, 0x1d, 0xbc, 0xe0, 0x01, 0xd2,
  0x66, 0x1d, 0xeb, 0x07, 0x47, 0x9f, 0x11, 0xc2, 0x8d, 0x9a, 0x10, 0x50,
  0x47, 0x4c, 0x14, 0x24, 0x2d, 0xc1, 0xe7, 0xe1, 0x17, 0xba, 0x15, 0x40,
  0xd3, 0xea, 0xab, 0xa2, 0x8c, 0xe8, 0x32, 0xb1, 0x49, 0x8a, 0xf2, 0xf4,
  0xdb, 0x08, 0xcb, 0xfc, 0xe2, 0xe2, 0x4a, 0x36, 0xc3, 0x15, 0x05, 0x3d,
  0xab, 0x26, 0xd7, 0x11, 0xd7, 0x40, 0x4b, 0x56, 0x56, 0x3d, 0x1e, 0xe0,
  0xa5, 0x06, 0xf4, 0x0a, 0x04, 0xe8, 0x1f, 0xbc, 0xf4, 0x4c, 0x24, 0x88,
  0x9d, 0xd5, 0xbf, 0x4e, 0x45, 0x1c, 0x34, 0x14, 0xed, 0x66, 0xf2, 0x70,
  0x30, 0x04, 0x50, 0xb3, 0x1b, 0xfb, 0xac, 0x97, 0xd0, 0x4d, 0xf4, 0x04,
  0xb1, 0x5c, 0xd8, 0x0a, 0xc4, 0x91, 0xa4, 0xf0, 0x43, 0x1f, 0xf8, 0x30,
  0x15, 0x88, 0x16, 0xda, 0xc2, 0x13, 0x94, 0x23, 0xa8, 0x1b, 0x3e, 0x59,
  0xc9, 0x28, 0x49, 0xd1, 0x26, 0xb4, 0xad, 0xe1, 0xa2, 0x2d, 0xbe, 0x97,
  0xc4, 0x99, 0x33, 0x32, 0x9a, 0x45, 0x45, 0xba, 0x1f, 0x81, 0x93, 0x56,
  0xb3, 0x55, 0x43, 0xd5, 0x33, 0x7f, 0x67, 0xee, 0x04, 0x37, 0x1d, 0x9a,
  0xb3, 0x08, 0xe5, 0x70, 0xab, 0x66, 0x73, 0x9f, 0xb6, 0x4f, 0x5d, 0xca,
  0x2c, 0xf9, 0x2a, 0x10, 0x82, 0x4b, 0x22, 0x3d, 0xf7, 0x02, 0x66, 0xd4,
  0x49, 0x0a, 0x12, 0x75, 0xc6, 0xfd, 0x50, 0xf6, 0xcd, 0x25, 0x0c, 0x09,
  0xb9, 0x58, 0xd4, 0x15, 0xf4, 0xe6, 0x44, 0x58, 0xfc, 0xb4, 0xb9, 0xdc,
  0x2a, 0x49, 0xb1, 0xcf, 0x46, 0x0e, 0x2f, 0x70, 0x64, 0x66, 0x22, 0x20,
  0x2e, 0x2a, 0xda, 0x26, 0xd5, 0x47, 0xe8, 0xa4, 0xf1, 0xa7, 0x88, 0xe2,
  0x04, 0x47, 0x3d, 0xe8, 0x03, 0xbf, 0xe3, 0xf4, 0xeb, 0x07, 0x74, 0x35,
  0x6c, 0x3d, 0x61, 0x44, 0xf5, 0x44, 0x2f, 0xc0, 0x08, 0xd2, 0xbd, 0x15,
  0xcd, 0x82, 0xc2, 0x36, 0x16, 0x1c, 0xc3, 0xf7, 0x25, 0xc6, 0x9a, 0x10,
  0x4c, 0xb4, 0x3f, 0xf8, 0xee, 0xc8, 0x2f, 0xc9, 0x19, 0xec, 0xd9, 0x20,
  0x29, 0xd6, 0xf4, 0xc9, 0xab, 0xe6, 0x93, 0x81, 0x0b, 0x22, 0xfe, 0x29,
  0xaa, 0x9b, 0x2d, 0x8c, 0xde, 0x1b, 0xaa, 0x1e, 0x18, 0x28, 0x13, 0x16,
  0xcf, 0xd3, 0xcd, 0x09, 0x9e, 0xa6, 0xd6, 0x26, 0xc3, 0x22, 0xb3, 0x8a,
  0x32, 0xde, 0xa1, 0xe4, 0x14, 0xb1, 0x29, 0x10, 0xb5, 0x38, 0x9b, 0xb7,
  0xe0, 0xe2, 0x0b, 0xf5, 0xbe, 0xe5, 0x08, 0x11, 0xf3, 0xde, 0xb1, 0xa0,
  0xa8, 0xf4, 0x3d, 0xc5, 0xe7, 0xea, 0xe9, 0x2c, 0x54, 0x68, 0x2e, 0x54,
  0xe7, 0xc4, 0xcc, 0x1c, 0x4d, 0x3b, 0x5b, 0x8c, 0xbe, 0x21, 0x8d, 0xbe,
  0xb0, 0xfb, 0xb6, 0x59, 0xe7, 0x24, 0xc7, 0x9a, 0xa9, 0xf7, 0x07, 0xec,
  0xc1, 0xe4, 0x93, 0xeb, 0xb2, 0x5a, 0x92, 0xfd, 0xaf, 0x29, 0xda, 0xcf,
  0x95, 0x24, 0x30, 0xb6, 0xdc, 0xef, 0xbc, 0xfc, 0xe5, 0xc1, 0xa3, 0x9a,
  0x16, 0x2b, 0x9d, 0x2e, 0x24, 0xad, 0xf3, 0x39, 0xe8, 0xde, 0xbf, 0xab,
  0xd3, 0xd9, 0xac, 0xf5, 0x4b, 0x58, 0xc3, 0x81, 0xc4, 0x99, 0xb0, 0x3d,
  0x40, 0x2b, 0x00, 0x22, 0x53, 0x90, 0xb1, 0xdb, 0xf3, 0xa8, 0xb2, 0x4a,
  0xe0, 0xb5, 0x13, 0x50, 0xf5, 0xe2, 0x2c, 0x2d, 0x07, 0x01, 0x46, 0x29,
  0xfe, 0x10, 0x73, 0x2b, 0xf4, 0x02, 0x0c, 0xc5, 0xa4, 0x3e, 0xd8, 0xc8,
  0x3a, 0x97, 0x15, 0xa7, 0xad, 0xa7, 0x3b, 0xb1, 0x4e, 0x05, 0xb4, 0x57,
  0x28, 0xf2, 0x1e, 0xd4, 0xba, 0xa7, 0x27, 0xc0, 0xd0, 0xc7, 0x48, 0x51,
  0xac, 0xe2, 0x5e, 0x3a, 0xd3, 0x2e, 0x10, 0xae, 0xe4, 0x4f, 0xcc, 0x81,
  0x97, 0x22, 0x2a, 0xbb, 0x37, 0x44, 0xb0, 0xb9, 0x25, 0xa9, 0xfb, 0x5b,
  0xe6, 0x49, 0x53, 0xf0, 0x49, 0xd0, 0x5a, 0x3d, 0xf0, 0x52, 0x06, 0xe0,
  0x33, 0x4f, 0xc9, 0x15, 0xff, 0xd4, 0xcb, 0x2c, 0xf4, 0xb2, 0xd4, 0x2c,
  0xed, 0xbc, 0xd4, 0xd2, 0xf4, 0xc8, 0x51, 0xd9, 0x25, 0x4b, 0x28, 0xe1,
  0xb6, 0x9c, 0xad, 0xe9, 0xfa, 0x5a, 0x33, 0xbb, 0xcc, 0xc8, 0x1b, 0x81,
  0xc1, 0x4f, 0x9c, 0x41, 0xd5, 0x02, 0xa2, 0xed, 0x02, 0x4e, 0xe7, 0x19,
  0xc9, 0x97, 0x99, 0x9b, 0x42, 0x4f, 0xe6, 0xb9, 0x1f, 0xfa, 0xf1, 0xef,
  0x5d, 0xb9, 0x11, 0x29, 0xd0, 0xe1, 0x47, 0x8e, 0x0c, 0x09, 0x98, 0xba,
  0x90, 0x4e, 0xc5, 0xd9, 0x94, 0x93, 0xdf, 0xc9, 0xec, 0xa2, 0x8c, 0xc8,
  0x20, 0x52, 0x17, 0xf1, 0xc8, 0x3d, 0x09, 0x4a, 0x40, 0xf0, 0x00, 0x33,
  0x56, 0xf0, 0x0d, 0xc0, 0xc2, 0xfa, 0x1f, 0x32, 0x90, 0xd7, 0xb8, 0x9a,
  0xbd, 0xa1, 0x32, 0xeb, 0xc3, 0xcd, 0x3f, 0x0d, 0x63, 0xa6, 0x9b, 0xe9,
  0x35, 0xf8, 0x5b, 0x15, 0xf6, 0x7a, 0x49, 0xcc, 0xd5, 0x52, 0xc5, 0x0a,
  0x37, 0x58, 0xe6, 0x4c, 0x72, 0xae, 0xde, 0xef, 0xd4, 0x53, 0x1d, 0xc2,
  0xce, 0xe8, 0xcb, 0x0b, 0x1f, 0xc3, 0x1c, 0x27, 0x29, 0x3b, 0x72, 0x5a,
  0x33, 0x1e, 0xcd, 0xf5, 0x29, 0xce, 0x41, 0x2a, 0x7f, 0x5f, 0xde, 0xde,
  0x49, 0xec, 0x22, 0xb5, 0xe5, 0x1c, 0xc9, 0xe4, 0x43, 0xe8, 0xcc, 0xa5,
  0xb6, 0xf2, 0x17, 0xf9, 0x71, 0xf2, 0x40, 0xd8, 0x0f, 0x3a, 0xd6, 0x27,
  0xa8, 0x08, 0xf7, 0x0f, 0x59, 0x28, 0x17, 0xea, 0x55, 0x2e, 0x35, 0x17,
  0xe2, 0x49, 0xc1, 0x27, 0x24, 0xa5, 0x2b, 0x1a, 0x0b, 0x3b, 0xaa, 0xa4,
  0x18, 0xf5, 0x15, 0xdb, 0x29, 0x24, 0x19, 0xe8, 0xf8, 0xb5, 0xef, 0x31,
  0x4f, 0xcc, 0xe7, 0x52, 0x02, 0x7c, 0xfd, 0x5f, 0x86, 0x2d, 0xe5, 0xbf,
  0x45, 0xc8, 0xe9, 0xab, 0x49, 0x7e, 0xa3, 0xe0, 0x36, 0xb1, 0xa1, 0x04,
  0x4b, 0x55, 0xc6, 0x55, 0xb8, 0x0e, 0x98, 0xe2, 0xc3, 0xa5, 0x6f, 0x0c,
  0x49, 0x33, 0x07, 0x5c, 0x26, 0x2e, 0xd4, 0x3c, 0xa6, 0x1f, 0xc7, 0x96,
  0x81, 0x27, 0xd7, 0x45, 0x56, 0x35, 0xfe, 0x45, 0x67, 0xa6, 0xdf, 0x46,
  0xc3, 0xc5, 0xc8, 0x4e, 0x1b, 0x93, 0xed, 0x30, 0x21, 0xbb, 0x9e, 0xf7,
  0xd8, 0x1f, 0xa8, 0x01, 0x0b, 0x7f, 0x8d, 0xe9, 0xb5, 0x88, 0xa6, 0x2c,
  0xa1, 0x1e, 0x42, 0xd5, 0xc6, 0xda, 0x6b, 0xab, 0x38, 0x04, 0xf1, 0xd1,
  0xdb, 0xa4, 0xfd, 0x77, 0x1f, 0xd8, 0x9a, 0xd0, 0x97, 0xa0, 0x99, 0xcb,
  0x43, 0xdb, 0xb5, 0x45, 0x2a, 0x83, 0xb4, 0x89, 0xb5, 0xec, 0xca, 0xdf,
  0x32, 0xa1, 0x1f, 0x9d, 0x19, 0x38, 0xd8, 0x98, 0x20, 0xcf, 0x62, 0x0e,
  0x5b, 0x2a, 0xcd, 0x10, 0xca, 0xb7, 0x3d, 0x92, 0x34, 0x6d, 0xa4, 0xb8,
  0xfa, 0xd3, 0x95, 0xba, 0x1d, 0xb2, 0x40, 0xed, 0xc6, 0xf0, 0x07, 0x88,
  0x34, 0xf9, 0x1a, 0x3c, 0x8d, 0x2b, 0x24, 0xe9, 0xbe, 0x2e, 0xd0, 0xf3,
  0xe4, 0xda, 0x3e, 0xa9, 0x6f, 0xf7, 0x21, 0x7e, 0xca, 0x4f, 0xff, 0x4b,
  0x39, 0x2f, 0x54, 0x8b, 0xcd, 0xfe, 0x3f, 0xa2, 0x50, 0x07, 0x4d, 0xdd,
  0x46, 0x60, 0xc4, 0x9d, 0x01, 0xc9, 0xbe, 0x1e, 0x6a, 0xc8, 0xf5, 0xf2,
  0x1d, 0xd5, 0x48, 0x16, 0xbd, 0xeb, 0xd8, 0x3f, 0x36, 0x3b, 0x14, 0x9f,
  0xb3, 0x29, 0x28, 0xd2, 0xc3, 0xe7, 0xe0, 0xe8, 0x07, 0x30, 0x25, 0xb4,
  0x8f, 0xce, 0xcc, 0x84, 0xf5, 0x19, 0xaf, 0x31, 0x7f, 0x1b, 0x36, 0x72,
  0x64, 0xd6, 0x49, 0xd1, 0x6c, 0xf0, 0xc0, 0x13, 0xab, 0x3a, 0xc7, 0xf4,
  0xe2, 0x8c, 0xd5, 0xa6, 0xf6, 0x5e, 0x84, 0xc6, 0xbb, 0xc4, 0xce, 0xd9,
  0xfc, 0xe3, 0x55, 0x6b, 0x89, 0x82, 0x88, 0x08, 0x97, 0x20, 0x18, 0x55,
  0xdf, 0x8b, 0x17, 0xcb, 0x75, 0xfe, 0x07, 0x28, 0xb6, 0xa9, 0xdc, 0x32,
  0x2b, 0xe1, 0xf7, 0x7c, 0xf7, 0xff, 0xa9, 0x55, 0x85, 0x00, 0x8a, 0xfe,
  0x43, 0x44, 0x81, 0xf9, 0xbd, 0x5c, 0xed, 0x34, 0x1a, 0x99, 0xd7, 0x3b,
  0x6f, 0x30, 0x60, 0xd6, 0x3c, 0x1b, 0x07, 0xef, 0x2d, 0xe6, 0x29, 0xc9,
  0x5e, 0x32, 0xf5, 0x5a, 0x39, 0xee, 0x36, 0x0a, 0x32, 0x1c, 0xe7, 0xb1,
  0xcc, 0xb5, 0xe8, 0x0c, 0x0f, 0x93, 0x4a, 0x95, 0x33, 0x9c, 0xb8, 0xc7,
  0xb8, 0x29, 0xe6, 0x06, 0x0a, 0x8f, 0x02, 0x72, 0x09, 0x1d, 0x4d, 0x7b,
  0x07, 0xb0, 0xb0, 0x24, 0x0d, 0x49, 0xec, 0xe0, 0x1c, 0xbf, 0x54, 0x8e,
  0x47, 0x14, 0xd5, 0xed, 0x85, 0xdd, 0x75, 0xbc, 0xb2, 0xff, 0xe4, 0xdd,
  0xd7, 0x84, 0xfb, 0xd6, 0x21, 0x35, 0xf8, 0xd8, 0xf9, 0x39, 0xdf, 0x51,
  0x21, 0x1f, 0xad, 0xd4, 0x27, 0x4a, 0x69, 0x9e, 0x3f, 0x21, 0xe1, 0x14,
  0xe9, 0xc6, 0x5d, 0xef, 0x10, 0x1f, 0x1d, 0x40, 0x37, 0xe2, 0x27, 0xc2,
  0x18, 0x88, 0x67, 0x2d, 0x62, 0x00, 0xe2, 0xf0, 0x59, 0xac, 0xd6, 0xe2,
  0x28, 0xba, 0x0f, 0xb2, 0x20, 0x20, 0x10, 0xb5, 0xab, 0xfe, 0x64, 0x42,
  0x06, 0xae, 0x04, 0xef, 0x44, 0x81, 0x21, 0x31, 0xe9, 0x1d, 0x33, 0x0c,
  0xde, 0xd3, 0x26, 0x3d, 0xc6, 0x47, 0xf2, 0xd8, 0x9a, 0x1a, 0x20, 0x6b,
  0xb0, 0x0f, 0x04, 0xf1, 0xdb, 0x29, 0xf8, 0x26, 0x30, 0x4d, 0x09, 0xb0,
  0x08, 0xc5, 0xe3, 0x38, 0xbc, 0x15, 0x15, 0x36, 0xd3, 0x41, 0xbd, 0xfb,
  0x29, 0xee, 0x18, 0xde, 0x12, 0x4a, 0x92, 0xef, 0x31, 0x1f, 0x27, 0xb4,
  0xa9, 0xf3, 0x30, 0x29, 0x45, 0xdb, 0x41, 0x18, 0xf4, 0x47, 0x7f, 0x38,
  0xd6, 0x41, 0xf6, 0x11, 0xf0, 0x4a, 0xb9, 0x04, 0xa0, 0x24, 0x99, 0xbe,
  0xc0, 0x1a, 0xfa, 0xf4, 0xcb, 0x35, 0xf7, 0x26, 0xab, 0x2f, 0x7a, 0xf1,
  0xf3, 0x18, 0x3d, 0xea, 0xde, 0xfc, 0x77, 0x49, 0x4c, 0xb9, 0x9b, 0x57,
  0x1b, 0xa8, 0x97, 0x03, 0xfe, 0x0a, 0x24, 0x54, 0x56, 0x0a, 0x16, 0x16,
  0xa6, 0xe6, 0x4b, 0xf9, 0x22, 0xce, 0x2f, 0x31, 0x30, 0xc1, 0xef, 0x25,
  0xc3, 0x60, 0xf5, 0xd0, 0x81, 0xc7, 0x24, 0x83, 0xd0, 0xf2, 0x2b, 0x68,
  0x2d, 0x2a, 0x3e, 0xdc, 0x1e, 0x75, 0x77, 0x14, 0x25, 0x3d, 0x1b, 0xd7,
  0x03, 0x36, 0xea, 0x31, 0x19, 0x43, 0xd8, 0x06, 0xec, 0x31, 0x1a, 0x0d,
  0xb2, 0xfd, 0xbf, 0x3d, 0x48, 0x3e, 0x24, 0x1c, 0x72, 0xaa, 0x15, 0xfb,
  0x2f, 0x1f, 0x03, 0x4e, 0x45, 0xdc, 0x2c, 0x2a, 0x02, 0xc5, 0x2d, 0xa0,
  0xbd, 0xfc, 0x63, 0x95, 0xcc, 0x24, 0xf6, 0x3d, 0xf6, 0x26, 0x45, 0x2b,
  0x5c, 0xb5, 0xba, 0x2e, 0x59, 0xc4, 0xfa, 0x23, 0x48, 0xff, 0x1e, 0x97,
  0x44, 0x2b, 0x45, 0xea, 0xc4, 0xfd, 0xcb, 0xd7, 0x3a, 0xc7, 0xf4, 0x68,
  0x4e, 0x17, 0xe2, 0x32, 0xe2, 0xf4, 0xd9, 0xf8, 0xc6, 0xdc, 0xb2, 0x36,
  0x60, 0x3d, 0x38, 0xf7, 0xb4, 0x3a, 0xe3, 0xb1, 0x3f, 0xb3, 0x50, 0xa7,
  0xf8, 0xbe, 0x6e, 0x33, 0xcb, 0xc8, 0x1f, 0x10, 0x2a, 0x13, 0xb1, 0xe5,
  0xbb, 0x19, 0x11, 0x41, 0x56, 0x05, 0x48, 0xe4, 0xd7, 0x53, 0x2c, 0x33,
  0x58, 0xdc, 0x66, 0xa4, 0x49, 0xcf, 0xeb, 0xec, 0x24, 0x24, 0xff, 0x18,
  0x51, 0x0d, 0x49, 0xd1, 0xc9, 0xd7, 0x9f, 0xde, 0x94, 0x81, 0x5b, 0xd6,
  0x40, 0x08, 0xd0, 0x5a, 0xd8, 0x38, 0x2d, 0x17, 0x3c, 0x9b, 0xc3, 0xa5,
  0xbc, 0xd1, 0x08, 0x52, 0x2d, 0xf7, 0x4b, 0x81, 0xff, 0xc0, 0x9a, 0xf5,
  0xa8, 0xcc, 0x6a, 0xec, 0xdc, 0xe3, 0xd6, 0xb7, 0xa2, 0x45, 0x33, 0xb0,
  0x23, 0x62, 0x39, 0x09, 0x19, 0xf8, 0xd6, 0xaf, 0x41, 0xda, 0x46, 0x0a,
  0x94, 0xd1, 0xd7, 0xa7, 0x5e, 0xb6, 0xb0, 0xe4, 0xb9, 0xb9, 0x64, 0xec,
  0x03, 0x23, 0x26, 0x3a, 0x94, 0x49, 0xb7, 0xca, 0xe8, 0xc9, 0xa1, 0x94,
  0x3b, 0x3c, 0x93, 0xb6, 0x4a, 0xb1, 0xaa, 0x2b, 0x84, 0xe1, 0xf5, 0x99,
  0xd1, 0x2b, 0xfb, 0x45, 0x5e, 0x1b, 0xc8, 0xfc, 0xed, 0xdd, 0xd5, 0x33,
  0xfc, 0xee, 0x0e, 0xde, 0xcd, 0xdc, 0xde, 0x90, 0x3d, 0xe2, 0x87, 0x9e,
  0x3b, 0xfe, 0xe5, 0x46, 0xc9, 0x34, 0x51, 0xaa, 0xed, 0xe7, 0x20, 0x3c,
  0xed, 0xfa, 0xdc, 0xf8, 0x00, 0x02, 0xcc, 0x0b, 0xbe, 0x52, 0x9d, 0xba,
  0x26, 0x6b, 0xc4, 0xf0, 0x43, 0xc3, 0x25, 0x05, 0xeb, 0xc1, 0x48, 0xd3,
  0x01, 0xcd, 0x3f, 0x01, 0x1d, 0xa1, 0xbd, 0x5b, 0x2b, 0xd2, 0x44, 0x4d,
  0x40, 0xdf, 0x03, 0xce, 0xf6, 0xdb, 0x2d, 0xda, 0x39, 0x37, 0xfc, 0xa4,
  0x19, 0x37, 0x81, 0x97, 0x4d, 0x24, 0xc1, 0xd2, 0x8c, 0x66, 0x53, 0x0f,
  0x40, 0xbc, 0xa0, 0x42, 0x1c, 0x04, 0xd1, 0xee, 0x6f, 0xc9, 0x5c, 0xb3,
  0xd4, 0x1f, 0x11, 0x99, 0x6f, 0x30, 0x4a, 0x7a, 0x08, 0x79, 0x6a, 0xe2,
  0xa3, 0x1d, 0xd0, 0xbb, 0x8d, 0xa8, 0x65, 0xa1, 0x1e, 0xd7, 0x08, 0xbe,
  0x2d, 0xe0, 0x97, 0xc1, 0xb5, 0x84, 0x03, 0xf6, 0x6b, 0xf6, 0x65, 0x6a,
  0xdc, 0x25, 0x0c, 0xe1, 0x05, 0x7d, 0xe7, 0x5b, 0xf9, 0xfc, 0xd6, 0xce,
  0xec, 0x0e, 0xd8, 0x3a, 0xec, 0x4e, 0xda, 0xa2, 0xb6, 0xff, 0x33, 0x1e,
  0xdf, 0xcc, 0xf2, 0x8b, 0x70, 0x4e, 0x29, 0x1b, 0x3d, 0x11, 0x38, 0xdd,
  0xc9, 0x09, 0x2d, 0x40, 0xd8, 0x1e, 0x23, 0x13, 0xaf, 0xad, 0xe3, 0x0c,
  0x7f, 0x10, 0x3c, 0x57, 0xbd, 0x49, 0xb1, 0x1f, 0xe2, 0x2c, 0x20, 0x11,
  0xed, 0xdc, 0xf1, 0x16, 0xeb, 0x16, 0x00, 0xdf, 0xe1, 0x47, 0x2f, 0x0c,
  0xfa, 0x63, 0x01, 0xde, 0xc3, 0x3b, 0x10, 0x01, 0x7f, 0x2b, 0xe2, 0xdd,
  0xf5, 0xbe, 0x32, 0x5c, 0x07, 0x70, 0xd0, 0x6a, 0x2c, 0xdc, 0x36, 0x06,
  0x93, 0x19, 0x1e, 0xac, 0x42, 0x3c, 0x86, 0x3d, 0x59, 0x66, 0xb7, 0x42,
  0xac, 0xf6, 0xfb, 0x38, 0xe4, 0xd9, 0xbc, 0x4b, 0x13, 0xe6, 0x3d, 0xe7,
  0x43, 0x7b, 0xfa, 0xe3, 0x0f, 0x5e, 0x03, 0x9c, 0xba, 0x57, 0xbe, 0x9b,
  0xe0, 0xda, 0xbf, 0x4f, 0xd2, 0x2b, 0x36, 0x62, 0x36, 0x2b, 0x6c, 0x0c,
  0x7b, 0x43, 0x33, 0x6a, 0xff, 0xe4, 0x41, 0x08, 0x72, 0x51, 0x13, 0x06,
  0xf2, 0xfa, 0xf9, 0x35, 0xc6, 0x07, 0xd3, 0xe6, 0xb5, 0xa2, 0x25, 0x37,
  0x44, 0x02, 0x4c, 0xfd, 0xe1, 0xb9, 0xef, 0xe9, 0xf7, 0xfe, 0x8c, 0xa7,
  0x13, 0x9e, 0xd4, 0x32, 0x1d, 0xfd, 0xee, 0xf0, 0xf3, 0x16, 0x1b, 0x39,
  0xce, 0xb1, 0xdf, 0x1a, 0x3c, 0x21, 0xe1, 0xdb, 0x0b, 0x96, 0x27, 0x21,
  0xd3, 0xaa, 0xe3, 0xe0, 0xce, 0x03, 0x94, 0x08, 0x1c, 0x12, 0xf3, 0xe7,
  0xb4, 0xe3, 0xa7, 0x16, 0xc3, 0x06, 0x93, 0x43, 0x34, 0xd9, 0xc0, 0x1a,
  0x39, 0x05, 0xb3, 0x42, 0x45, 0x09, 0xe9, 0x95, 0xd4, 0x31, 0x09, 0xe8,
  0x99, 0x81, 0x3b, 0xfd, 0x1e, 0x3e, 0x4f, 0x32, 0xce, 0xe6, 0xed, 0x1e,
  0xec, 0x22, 0xa6, 0xcf, 0xb0, 0x9e, 0x36, 0xa0, 0x23, 0x4f, 0xb3, 0xb6,
  0xa9, 0x3d, 0x83, 0xad, 0x1c, 0x23, 0x33, 0xac, 0x0e, 0x25, 0x0d, 0x91,
  0x1b, 0x0d, 0xed, 0xe2, 0xfc, 0x5a, 0xcf, 0x50, 0x14, 0xab, 0xa9, 0x0d,
  0xba, 0xed, 0x2a, 0x1a, 0x37, 0xb7, 0x12, 0x42, 0xce, 0x23, 0xfa, 0x54,
  0xc9, 0x3c, 0xeb, 0x4c, 0x4c, 0xcf, 0xad, 0xdc, 0x47, 0xea, 0xa1, 0x61,
  0x3f, 0xe4, 0xfa, 0x26, 0x8b, 0x8f, 0xce, 0x17, 0xb8, 0x81, 0x13, 0x19,
  0xf2, 0x6a, 0x00, 0xf6, 0xd8, 0xa0, 0x02, 0xb1, 0xcd, 0xe1, 0xb1, 0x42,
  0xc5, 0x17, 0x42, 0x17, 0xa5, 0xe1, 0xf9, 0xf9, 0xdc, 0x13, 0x43, 0xb8,
  0xdf, 0xe4, 0x1e, 0x61, 0x07, 0xad, 0xec, 0x28, 0x02, 0x2b, 0x36, 0xc4,
  0x3d, 0x2a, 0x49, 0xa3, 0x1c, 0xc5, 0x0f, 0x9b, 0xac, 0xee, 0xcf, 0x0a,
  0x35, 0x1f, 0xa7, 0x37, 0x1c, 0xb7, 0x79, 0xb6, 0xcd, 0x1a, 0x17, 0x12,
  0x39, 0xfc, 0xc4, 0xb2, 0xaa, 0xdf, 0x22, 0xaa, 0x1c, 0x0e, 0x61, 0xea,
  0x2e, 0x4c, 0x73, 0x47, 0xbc, 0x13, 0xa7, 0xf2, 0xe9, 0x32, 0xb7, 0xf1,
  0xe2, 0x93, 0xe2, 0x42, 0x03, 0x32, 0x04, 0xf8, 0xcf, 0x2c, 0x36, 0x21,
  0xc5, 0xbd, 0xc0, 0x02, 0xc8, 0x3c, 0x24, 0x20, 0xbe, 0x7f, 0x31, 0x45,
  0x29, 0x44, 0xb9, 0x95, 0xe5, 0xcd, 0x12, 0xa0, 0x1f, 0xf4, 0xc6, 0x9d,
  0x2f, 0xeb, 0xd3, 0x53, 0x3c, 0xbe, 0x51, 0xc8, 0xbe, 0x2e, 0xb3, 0x65,
  0xb2, 0x3d, 0xda, 0x24, 0xa0, 0xba, 0x20, 0x35, 0xf3, 0x36, 0xb4, 0xb1,
  0x62, 0x0d, 0xf6, 0x25, 0x45, 0x0a, 0xcb, 0x41, 0xbb, 0x19, 0xd2, 0xe6,
  0xcd, 0xe2, 0xd1, 0xc2, 0xeb, 0x29, 0x93, 0x2d, 0x56, 0x39, 0x2f, 0x67,
  0x61, 0x0e, 0xce, 0xda, 0x1e, 0x0d, 0x20, 0x4c, 0xf0, 0x22, 0x0b, 0x5f,
  0x35, 0x54, 0xbc, 0x2b, 0xc9, 0xe0, 0x02, 0x98, 0x2d, 0xf8, 0x5c, 0x25,
  0x2c, 0x10, 0x00, 0x47, 0x7f, 0xc9, 0xc3, 0x0a, 0xfc, 0xdb, 0xfe, 0x55,
  0x42, 0x3b, 0xe6, 0xe9, 0xdb, 0xc1, 0x48, 0xcf, 0x63, 0x51, 0x0f, 0xe8,
  0xa0, 0x46, 0x1e, 0xf9, 0x39, 0x23, 0xcd, 0x09, 0xe3, 0x09, 0x0f, 0xb5,
  0x66, 0x0e, 0x40, 0xef, 0x8b, 0x25, 0x3c, 0x38, 0x5f, 0xb8, 0xf9, 0x2b,
  0xde, 0xfb, 0x1c, 0xe9, 0xb7, 0x0d, 0x3e, 0xda, 0x75, 0x3c, 0xd4, 0xf8,
  0x32, 0x01, 0x1a, 0x5f, 0xc9, 0x1d, 0x66, 0x01, 0x6a, 0x0f, 0x23, 0x1d,
  0xcc, 0xdf, 0x15, 0x23, 0xf6, 0x10, 0x1e, 0x67, 0xda, 0x55, 0x44, 0x8c,
  0xf8, 0x81, 0x6e, 0x2b, 0x62, 0x50, 0x33, 0x51, 0x59, 0xfa, 0x56, 0x7b,
  0x16, 0x34, 0x5e, 0x33, 0x41, 0x59, 0x34, 0x58, 0xb4, 0xf0, 0x38, 0x19,
  0xaf, 0x50, 0x18, 0xf9, 0x34, 0xc8, 0xaa, 0xfb, 0xc5, 0xb3, 0x5f, 0x9a,
  0xdc, 0x54, 0x4c, 0x14, 0x13, 0xa9, 0x20, 0xba, 0x8d, 0x1c, 0x2b, 0x1c,
  0xda, 0xc6, 0x1e, 0x0b, 0x7f, 0xc4, 0xc2, 0x40, 0x22, 0xe7, 0xcc, 0x3b,
  0x07, 0x14, 0x30, 0xf4, 0xb3, 0xbd, 0x93, 0x11, 0xa4, 0xa6, 0xe8, 0x59,
  0x0a, 0xc4, 0xf7, 0xc3, 0x4f, 0x76, 0xcf, 0x86, 0x39, 0xc3, 0xf8, 0xfe,
  0xb5, 0xa6, 0xa6, 0x1a, 0x9e, 0xcf, 0xae, 0x34, 0xe3, 0x13, 0xc3, 0xfc,
  0x37, 0x0d, 0xcc, 0xf7, 0xef, 0x03, 0xc3, 0xf9, 0xed, 0xa8, 0x09, 0xb3,
  0xff, 0xfc, 0x4c, 0x3b, 0xb8, 0xfb, 0xa3, 0xe1, 0xc4, 0xe5, 0xe5, 0x2d,
  0xd2, 0x18, 0x02, 0x81, 0xb8, 0x8f, 0xe5, 0xde, 0x04, 0x46, 0x8c, 0xe8,
  0x01, 0xc5, 0xcc, 0xd7, 0xe0, 0x01, 0xd0, 0xce, 0xd7, 0x95, 0xa7, 0x61,
  0x34, 0x2a, 0x65, 0x08, 0xbc, 0x41, 0x39, 0x40, 0xbc, 0x0c, 0xaa, 0x01,
  0x6c, 0x30, 0x40, 0xad, 0xd9, 0xda, 0x02, 0xca, 0xe9, 0xd0, 0x4d, 0xf7,
  0xfa, 0x48, 0x62, 0xbb, 0x5f, 0xda, 0xc5, 0xd5, 0x0f, 0x41, 0x14, 0x38,
  0xe1, 0x69, 0x39, 0x76, 0x05, 0xd1, 0x3b, 0x1b, 0xcb, 0x42, 0xb7, 0x19,
  0xcd, 0xe6, 0xe0, 0x15, 0x78, 0xf2, 0x59, 0xc4, 0x25, 0xcc, 0x45, 0x09,
  0x19, 0x81, 0x42, 0xe9, 0x7d, 0xf7, 0x6c, 0x69, 0xd5, 0x09, 0x50, 0x6f,
  0xc8, 0x62, 0xc6, 0x3e, 0xf8, 0x2e, 0xff, 0x1a, 0x17, 0xb8, 0x5c, 0xe2,
  0x41, 0x16, 0xca, 0x8a, 0x0e, 0x8f, 0xb0, 0x18, 0xf8, 0x3e, 0x12, 0xf2,
  0xed, 0xdb, 0xc7, 0x2c, 0xf2, 0x9b, 0x81, 0x1a, 0x05, 0xb2, 0xb3, 0xbd,
  0xec, 0x1d, 0xfb, 0x2e, 0xe2, 0x0b, 0x2e, 0x1d, 0xb6, 0xf7, 0xa1, 0x21,
  0xeb, 0x2f, 0x2c, 0x06, 0xa6, 0x17, 0x28, 0xa7, 0xbd, 0xf6, 0x2e, 0xfe,
  0x06, 0x45, 0xee, 0x0f, 0x15, 0xe9, 0x4f, 0x2c, 0x93, 0x47, 0xce, 0xdc,
  0x2f, 0x45, 0xc0, 0x10, 0xf9, 0xa4, 0x53, 0xed, 0xc3, 0xf8, 0x01, 0xb0,
  0xd0, 0x64, 0x38, 0xc8, 0x02, 0xda, 0x29, 0x05, 0xf1, 0xfc, 0x86, 0x1b,
  0xd5, 0xa3, 0xb2, 0x1e, 0xd6, 0x3e, 0x0e, 0xbf, 0x38, 0xe6, 0x0b, 0x4d,
  0x47, 0xef, 0x1d, 0x05, 0xda, 0x2b, 0x38, 0x24, 0x2f, 0xc7, 0xdf, 0x90,
  0x30, 0x8c, 0xa9, 0x02, 0xe7, 0x4e, 0x1b, 0x89, 0x35, 0xc0, 0xfb, 0x14,
  0x07, 0xeb, 0x04, 0xa9, 0x5d, 0x38, 0xf5, 0x37, 0x5d, 0x73, 0xf1, 0x9a,
  0xff, 0xb8, 0x68, 0xf5, 0x94, 0x1a, 0xf4, 0xa1, 0xb4, 0x8c, 0x6c, 0x06,
  0xfe, 0x27, 0x72, 0xf1, 0x27, 0x00, 0x84, 0x13, 0xa2, 0xa2, 0xcd, 0xcd,
  0x2e, 0xbb, 0x46, 0x46, 0xd0, 0x1f, 0x95, 0x92, 0x16, 0x78, 0x0f, 0x26,
  0x81, 0x8b, 0x35, 0xb3, 0x9b, 0x1f, 0xf0, 0x40, 0xa1, 0x0e, 0x39, 0xa3,
  0x12, 0x90, 0xdd, 0x42, 0x44, 0xbf, 0x50, 0x28, 0x07, 0x02, 0xe3, 0x19,
  0x2e, 0x17, 0x58, 0x23, 0x31, 0x52, 0xf3, 0xbd, 0x35, 0xac, 0x08, 0xb8,
  0xd4, 0xdb, 0x5d, 0x3c, 0x59, 0x24, 0xc4, 0xc9, 0xe1, 0x51, 0xe3, 0xd3,
  0x0f, 0xc3, 0x6a, 0x40, 0x2f, 0x15, 0x20, 0xc8, 0xe1, 0x9b, 0xc8, 0xd5,
  0x3e, 0x2c, 0x5c, 0x26, 0xff, 0xc4, 0x64, 0xa8, 0xc7, 0x44, 0x29, 0xb5,
  0xbb, 0xcc, 0x37, 0x81, 0x07, 0xf2, 0x06, 0x34, 0x13, 0xaa, 0x05, 0x96,
  0x25, 0xaa, 0x0d, 0x13, 0x5f, 0xdd, 0x08, 0x38, 0xcd, 0x41, 0xac, 0x35,
  0xd8, 0xd8, 0x06, 0x4f, 0x07, 0xfd, 0xd0, 0xf8, 0x14, 0xa2, 0x23, 0xe1,
  0xe4, 0xf1, 0x33, 0x09, 0xb0, 0x15, 0x43, 0x13, 0x54, 0x2a, 0xe6, 0x87,
  0x43, 0x32, 0xce, 0x1f, 0x34, 0x8c, 0xb7, 0xba, 0x3b, 0xb2, 0xff, 0x9a,
  0xa3, 0xbf, 0x9c, 0x91, 0x1a, 0x1e, 0x2c, 0x0b, 0x05, 0xd7, 0x06, 0xdb,
  0xca, 0xcd, 0xb9, 0x03, 0xe6, 0xd2, 0x2d, 0xde, 0xc6, 0x2f, 0x96, 0xd1,
  0x95, 0x0d, 0xdd, 0x27, 0x34, 0x39, 0xf1, 0xef, 0xab, 0x05, 0x0b, 0xd7,
  0x4d, 0xc2, 0x03, 0x02, 0x1d, 0x49, 0x1c, 0x9b, 0x90, 0x1d, 0xfa, 0x3b,
  0x9d, 0x43, 0xf8, 0xbf, 0xef, 0x81, 0x88, 0xba, 0xf2, 0x11, 0x40, 0xe4,
  0x8f, 0x2a, 0xf8, 0x2b, 0xbc, 0xc4, 0xf7, 0x94, 0xfb, 0xa8, 0xca, 0xa1,
  0xb3, 0x47, 0x01, 0xbe, 0xe7, 0xa4, 0x90, 0xc4, 0xcf, 0x16, 0xd3, 0xaf,
  0x30, 0x12, 0xf1, 0x51, 0x23, 0xd2, 0x2a, 0xed, 0x99, 0x08, 0xec, 0x05,
  0xc7, 0x3c, 0xf3, 0xbf, 0x3a, 0x29, 0x95, 0x23, 0xd3, 0x1b, 0x0f, 0xb8,
  0x90, 0x1a, 0x23, 0xf0, 0x16, 0xe9, 0xca, 0xce, 0x21, 0x2a, 0x35, 0xe4,
  0x33, 0xb2, 0xd1, 0x31, 0xa9, 0xd2, 0x8f, 0x4a, 0x1a, 0xdc, 0xb5, 0xd7,
  0x4c, 0xde, 0x81, 0xe3, 0x2e, 0xaa, 0x9b, 0xa4, 0xfb, 0x14, 0x47, 0xff,
  0x47, 0xd6, 0x08, 0xe3, 0x13, 0xe2, 0x2a, 0xac, 0x05, 0x1f, 0x25, 0x15,
  0x84, 0x05, 0x36, 0xe2, 0xa4, 0xec, 0xaf, 0xbb, 0x5a, 0xb4, 0xce, 0x2b,
  0xaa, 0x22, 0x17, 0xba, 0x98, 0xb5, 0x97, 0x19, 0x3a, 0x19, 0xb9, 0xf6,
  0x34, 0x09, 0xc0, 0x22, 0xe8, 0xbc, 0x49, 0x03, 0x44, 0x1c, 0x0f, 0xfb,
  0xaf, 0xec, 0x39, 0xd8, 0xdf, 0xaa, 0x2b, 0x13, 0xb5, 0xcd, 0xdc, 0xf3,
  0x28, 0x35, 0x32, 0x99, 0xff, 0xe1, 0xe1, 0xbc, 0xe9, 0xff, 0x4c, 0x27,
  0xeb, 0x02, 0xe4, 0x7b, 0x76, 0xdc, 0xe3, 0xe9, 0xfe, 0xd9, 0xd8, 0xa5,
  0xe7, 0xee, 0xa3, 0x43, 0xa9, 0xb3, 0x31, 0xaa, 0xcb, 0x0b, 0xcb, 0x24,
  0xa9, 0xe6, 0xd3, 0x28, 0x33, 0x1d, 0x59, 0xfc, 0x7f, 0x59, 0xce, 0x09,
  0x61, 0x94, 0x00, 0xd8, 0xa8, 0xdd, 0x23, 0xd4, 0xf1, 0x2d, 0x01, 0xbb,
  0xa6, 0x58, 0xd0, 0x1c, 0xaf, 0xda, 0x09, 0xbc, 0xe3, 0x06, 0x44, 0xc6,
  0x0a, 0x27, 0xfd, 0x07, 0x63, 0xe7, 0x45, 0xd4, 0xea, 0x05, 0x2a, 0xd7,
  0x60, 0x52, 0x53, 0xdf, 0xf1, 0xcc, 0xbd, 0x65, 0x4d, 0xf4, 0xf8, 0xe4,
  0x98, 0x62, 0x67, 0x09, 0x17, 0x28, 0xcd, 0x12, 0x72, 0x75, 0xe5, 0x08,
  0xc5, 0xc7, 0x07, 0x36, 0x2e, 0x5d, 0x10, 0xf4, 0x69, 0x6c, 0x0d, 0x56,
  0xd6, 0xe0, 0xab, 0x05, 0xc6, 0xea, 0x4f, 0xc2, 0xf0, 0xe1, 0xb9, 0xda,
  0x60, 0x30, 0x71, 0x30, 0xee, 0x13, 0xec, 0x22, 0x2a, 0xf0, 0x36, 0x49,
  0x71, 0xe0, 0x4b, 0x28, 0x46, 0x12, 0x17, 0xc7, 0x17, 0xf5, 0xd1, 0x70,
  0xf5, 0x94, 0xb1, 0xc4, 0x31, 0x7f, 0xcf, 0x13, 0x7e, 0xeb, 0x7c, 0x34,
  0x14, 0x34, 0xfe, 0xf4, 0x2a, 0x4a, 0x2e, 0xcc, 0x1e, 0xde, 0xa3, 0xd1,
  0x20, 0x37, 0x59, 0xa8, 0x9a, 0x20, 0x20, 0x18, 0xec, 0xff, 0x8f, 0x0c,
  0xd6, 0x92, 0x04, 0x4c, 0x26, 0x2c, 0x9e, 0xe9, 0xa5, 0xd6, 0x12, 0xfa,
  0xcf, 0xdb, 0x24, 0x99, 0x06, 0xd0, 0xcf, 0x13, 0xa4, 0xfe, 0x4a, 0xe3,
  0xa9, 0xde, 0x01, 0x11, 0xcd, 0x89, 0xaf, 0x11, 0x89, 0xec, 0xbc, 0x3a,
  0x21, 0x2b, 0x95, 0x55, 0xf0, 0xc6, 0x33, 0x89, 0x8c, 0x06, 0xbb, 0xd9,
  0xde, 0xb1, 0xa0, 0x90, 0xfc, 0xa4, 0x2e, 0x21, 0x87, 0x9b, 0xe5, 0x9b,
  0x2d, 0xa5, 0x1f, 0x33, 0x81, 0xc3, 0x1f, 0xcb, 0xce, 0xd4, 0x43, 0x35,
  0x9e, 0xc9, 0x22, 0x07, 0xbe, 0xd1, 0xa1, 0x08, 0x85, 0xc9, 0xd8, 0x10,
  0x08, 0xa7, 0x03, 0x34, 0x69, 0xb6, 0x28, 0x3b, 0x26, 0xfb, 0xbe, 0x02,
  0x1a, 0xd8, 0xb4, 0x3c, 0x88, 0x09, 0xf1, 0xd2, 0x0d, 0x81, 0xaf, 0xa5,
  0x1b, 0xd8, 0xf7, 0x39, 0x82, 0x13, 0xc0, 0xa3, 0xc4, 0xd1, 0x2d, 0x8c,
  0xd7, 0x99, 0x9c, 0x0a, 0xa1, 0xff, 0xcc, 0x9c, 0xda, 0x3d, 0xa5, 0xbf,
  0xc4, 0xcf, 0x31, 0xad, 0x13, 0x0a, 0x8e, 0x2f, 0xb4, 0x8f, 0x2c, 0x39,
  0xbd, 0xc7, 0x41, 0xd1, 0x9a, 0xb2, 0x4d, 0xa0, 0x44, 0xa4, 0xd3, 0x40,
  0xb2, 0xfa, 0x0f, 0xad, 0xc0, 0xa9, 0x1a, 0x40, 0xe6, 0xf7, 0xf8, 0x3f,
  0x33, 0x8f, 0x83, 0xb3, 0x76, 0xf4, 0xff, 0xff, 0x04, 0x00, 0x00, 0x00,
  0x00, 0x01, 0x00, 0x00, 0x89, 0x02, 0x00, 0x00, 0x50, 0xfe, 0xff, 0xff,
  0xe9, 0xfd, 0xff, 0xff, 0x85, 0xff, 0xff, 0xff, 0xfa, 0xff, 0xff, 0xff,
  0x4c, 0x03, 0x00, 0x00, 0x57, 0x02, 0x00, 0x00, 0x68, 0x02, 0x00, 0x00,
  0x33, 0x00, 0x00, 0x00, 0x6e, 0x01, 0x00, 0x00, 0xfe, 0x01, 0x00, 0x00,
  0x17, 0xff, 0xff, 0xff, 0x3b, 0x00, 0x00, 0x00, 0xfe, 0xff, 0xff, 0xff,
  0xc6, 0x02, 0x00, 0x00, 0x19, 0x01, 0x00, 0x00, 0x57, 0x03, 0x00, 0x00,
  0xab, 0x00, 0x00, 0x00, 0x4b, 0xfe, 0xff, 0xff, 0x7b, 0x02, 0x00, 0x00,
  0x4e, 0x00, 0x00, 0x00, 0x2a, 0x00, 0x00, 0x00, 0x19, 0x03, 0x00, 0x00,
  0x43, 0x02, 0x00, 0x00, 0x0d, 0x01, 0x00, 0x00, 0xb2, 0x01, 0x00, 0x00,
  0x24, 0x02, 0x00, 0x00, 0x1f, 0x02, 0x00, 0x00, 0xfe, 0x01, 0x00, 0x00,
  0xe5, 0xff, 0xff, 0xff, 0x89, 0x02, 0x00, 0x00, 0xcd, 0x01, 0x00, 0x00,
  0x3a, 0x01, 0x00, 0x00, 0x56, 0x01, 0x00, 0x00, 0x34, 0x01, 0x00, 0x00,
  0x0f, 0x00, 0x00, 0x00, 0x56, 0x01, 0x00, 0x00, 0x02, 0x02, 0x00, 0x00,
  0x5c, 0x03, 0x00, 0x00, 0x53, 0x01, 0x00, 0x00, 0x58, 0x02, 0x00, 0x00,
  0x6b, 0x02, 0x00, 0x00, 0x87, 0x01, 0x00, 0x00, 0xe5, 0xff, 0xff, 0xff,
  0xbc, 0x01, 0x00, 0x00, 0xbc, 0x02, 0x00, 0x00, 0xab, 0x02, 0x00, 0x00,
  0xcf, 0x02, 0x00, 0x00, 0x8c, 0x00, 0x00, 0x00, 0x8a, 0x00, 0x00, 0x00,
  0x65, 0x01, 0x00, 0x00, 0x7a, 0x00, 0x00, 0x00, 0xa7, 0x03, 0x00, 0x00,
  0x9b, 0x01, 0x00, 0x00, 0x3c, 0x02, 0x00, 0x00, 0xc6, 0xff, 0xff, 0xff,
  0x88, 0x02, 0x00, 0x00, 0x7d, 0xfe, 0xff, 0xff, 0xdc, 0x01, 0x00, 0x00,
  0x83, 0x01, 0x00, 0x00, 0x95, 0x00, 0x00, 0x00, 0x0d, 0x00, 0x00, 0x00,
  0xd4, 0x02, 0x00, 0x00, 0x3d, 0x02, 0x00, 0x00, 0x82, 0xf5, 0xff, 0xff,
  0x04, 0x00, 0x00, 0x00, 0x00, 0x08, 0x00, 0x00, 0x32, 0xb0, 0x05, 0x5d,
  0x6a, 0x5f, 0x33, 0xcc, 0x68, 0xb8, 0xe6, 0x60, 0xcf, 0x37, 0x51, 0x64,
  0x40, 0x46, 0xf4, 0x77, 0xcf, 0xb4, 0xc5, 0x68, 0xb7, 0x3d, 0xe1, 0xda,
  0x56, 0xa3, 0xf8, 0x37, 0xd9, 0xf1, 0xdb, 0x18, 0xde, 0xec, 0xad, 0xaf,
  0xbe, 0x07, 0x02, 0xc9, 0xb9, 0x0c, 0xbf, 0x36, 0xc7, 0xfa, 0xb9, 0xfc,
  0x0f, 0x69, 0x07, 0x21, 0xe4, 0x26, 0x26, 0x47, 0xf2, 0x43, 0xe1, 0xe7,
  0xc4, 0xcf, 0xee, 0xe1, 0xa7, 0xb2, 0x58, 0xf1, 0xfd, 0x43, 0x1b, 0x46,
  0xf3, 0xa2, 0xfd, 0xa0, 0x5e, 0xa7, 0x96, 0x07, 0xa5, 0x2b, 0x26, 0xd8,
  0x5c, 0xa2, 0xfd, 0xf4, 0x41, 0xa6, 0xc7, 0xc5, 0xfb, 0xaf, 0x2a, 0xd0,
  0x4f, 0xca, 0xf6, 0xab, 0x49, 0xc6, 0xf6, 0xca, 0x47, 0x27, 0xa7, 0x01,
  0xe0, 0x4e, 0x9e, 0x3a, 0xb1, 0x46, 0xb0, 0x5f, 0x05, 0xb6, 0x39, 0x09,
  0xac, 0x08, 0x14, 0x53, 0x46, 0x26, 0xf3, 0x3c, 0x00, 0x18, 0x5b, 0x70,
  0xed, 0x59, 0xca, 0xe8, 0x56, 0xa2, 0xe2, 0xd6, 0xff, 0x4f, 0xe5, 0x37,
  0xe5, 0x9a, 0xdb, 0xee, 0x53, 0xab, 0xcf, 0xf6, 0x53, 0xbb, 0x0a, 0x12,
  0xdc, 0x46, 0xfe, 0xf4, 0x4e, 0x1d, 0x16, 0x58, 0x58, 0xb5, 0x35, 0x01,
  0xa5, 0xc4, 0xcd, 0x4b, 0xea, 0xfb, 0xc8, 0x18, 0x13, 0xc1, 0xac, 0x20,
  0x20, 0x11, 0xd4, 0x32, 0xf6, 0xfb, 0xc8, 0x3b, 0xb9, 0xcf, 0xaf, 0xdc,
  0x95, 0x06, 0xcb, 0x99, 0xc3, 0x41, 0xfb, 0x03, 0xc6, 0xe3, 0xcb, 0x2f,
  0x6a, 0xc8, 0x9e, 0x5a, 0x48, 0x72, 0x2f, 0x70, 0x5c, 0x29, 0x1e, 0x03,
  0x2a, 0xfd, 0x23, 0x3b, 0xe4, 0x13, 0xed, 0x4a, 0x01, 0xe7, 0x48, 0xc3,
  0x16, 0x2e, 0xdf, 0xc3, 0x43, 0xfd, 0xc4, 0x2c, 0x6c, 0xf3, 0x34, 0x49,
  0xf8, 0x61, 0x01, 0xf7, 0x3e, 0xd2, 0x60, 0xbc, 0xb6, 0x26, 0x59, 0x1a,
  0x67, 0x61, 0xf2, 0x4b, 0x9c, 0x47, 0x46, 0xda, 0x03, 0xde, 0x2d, 0x38,
  0xaf, 0xd4, 0xda, 0x20, 0xfa, 0x14, 0xbd, 0xcf, 0xeb, 0x39, 0x15, 0x5c,
  0xe3, 0xf2, 0xe5, 0x3e, 0x5e, 0xde, 0x2e, 0x14, 0xcd, 0x2c, 0x4d, 0xe7,
  0xec, 0x67, 0x68, 0xac, 0x19, 0xad, 0x1b, 0xc3, 0x0a, 0x1b, 0xea, 0x1c,
  0x32, 0xce, 0x40, 0x06, 0x39, 0xc4, 0x63, 0xcb, 0x6b, 0xe7, 0xe6, 0x2d,
  0xfc, 0x66, 0x57, 0xc7, 0x01, 0xf7, 0xc4, 0x04, 0x1f, 0x32, 0xa5, 0x4f,
  0xd2, 0x19, 0x4a, 0xdd, 0x44, 0xf1, 0xa7, 0xbd, 0xb3, 0x1c, 0xf4, 0x2f,
  0x05, 0xbf, 0x03, 0xf7, 0x65, 0x47, 0x4f, 0x62, 0x46, 0xc5, 0xb3, 0x68,
  0x22, 0x43, 0xe3, 0xad, 0x67, 0x70, 0x30, 0x00, 0xf5, 0x30, 0xca, 0xf7,
  0x5f, 0x37, 0x1c, 0x29, 0x3c, 0xfd, 0x0b, 0x08, 0x1e, 0xbf, 0x00, 0x0d,
  0x42, 0xd2, 0xc7, 0x56, 0x3c, 0xb2, 0xb9, 0x6f, 0xe5, 0x1e, 0x54, 0xf7,
  0xd5, 0x10, 0xdb, 0xa6, 0x00, 0xd2, 0xa9, 0xb2, 0x0a, 0xcf, 0xe5, 0xeb,
  0x05, 0xb9, 0xa8, 0xd4, 0xb5, 0x27, 0x28, 0x09, 0xf5, 0x3f, 0x36, 0xed,
  0x37, 0xa5, 0xa7, 0xcc, 0xda, 0xc7, 0x54, 0xdf, 0x19, 0x28, 0xbb, 0xe3,
  0xb0, 0xb3, 0xf4, 0xb2, 0xb1, 0xf6, 0x14, 0xbd, 0xf1, 0x3a, 0xf0, 0x47,
  0x3a, 0xa6, 0xb1, 0x46, 0x59, 0x1d, 0xd1, 0xb3, 0xfb, 0xd0, 0xdd, 0x32,
  0x69, 0xe0, 0xd6, 0x61, 0x46, 0x03, 0x1a, 0x1a, 0xf1, 0x3c, 0x27, 0xcf,
  0x3c, 0x52, 0x23, 0xa6, 0x0c, 0x10, 0x47, 0x10, 0x9d, 0xac, 0x6c, 0x25,
  0xe4, 0x36, 0x58, 0xd9, 0x51, 0x1e, 0x25, 0xe7, 0xdd, 0xcb, 0xd4, 0xd9,
  0x2e, 0xf8, 0x31, 0xe6, 0x78, 0x54, 0x54, 0x73, 0x0d, 0x2f, 0x75, 0x28,
  0xbe, 0x19, 0xfd, 0x3a, 0x33, 0x01, 0xa6, 0xcb, 0xf0, 0x20, 0x36, 0xe3,
  0x2f, 0xd2, 0x3c, 0xbe, 0x07, 0x5b, 0x9f, 0xdd, 0x46, 0xac, 0x4d, 0x14,
  0x31, 0xf5, 0xf8, 0x56, 0xbb, 0x37, 0x9b, 0xb6, 0xba, 0x34, 0x44, 0x1a,
  0x4c, 0xbe, 0xa4, 0xba, 0x06, 0xe8, 0xb8, 0xf4, 0xbf, 0xca, 0xa4, 0xfb,
  0xfb, 0xf9, 0xd4, 0x10, 0x36, 0xad, 0xc7, 0xa1, 0x22, 0x0d, 0x0d, 0xad,
  0x31, 0x1c, 0x2b, 0x16, 0x40, 0xcc, 0x1f, 0xe6, 0xd6, 0x25, 0x36, 0x44,
  0xdf, 0x3e, 0xb1, 0xcf, 0xe6, 0xb8, 0x17, 0x41, 0x57, 0xb3, 0xbc, 0x11,
  0xb1, 0x1a, 0xef, 0x0c, 0x14, 0x38, 0x26, 0xcb, 0xdd, 0xf5, 0xb2, 0xcb,
  0xfe, 0x4e, 0xab, 0xd1, 0x9d, 0x2b, 0xbf, 0xd6, 0xf0, 0xb5, 0x06, 0xdc,
  0xb7, 0x17, 0xb2, 0x29, 0x12, 0xf7, 0x34, 0xfc, 0xd0, 0x61, 0x16, 0x48,
  0x04, 0xe8, 0xf0, 0xc5, 0x1e, 0xc2, 0xc2, 0xbb, 0xce, 0xf0, 0xf9, 0xa2,
  0xa4, 0x5a, 0xf6, 0x05, 0xd9, 0xb6, 0x25, 0x56, 0xda, 0x60, 0x5f, 0x39,
  0xc3, 0xea, 0x07, 0x0b, 0x1c, 0xf9, 0xed, 0xf3, 0xf8, 0xd9, 0xd9, 0x0a,
  0xfb, 0xb9, 0x43, 0x40, 0xe4, 0xc5, 0x3f, 0x15, 0x48, 0xa2, 0xc3, 0xe1,
  0xeb, 0x21, 0xdc, 0x94, 0x3c, 0x06, 0xa9, 0x41, 0x5f, 0xe4, 0x24, 0xbc,
  0xfc, 0xb9, 0xba, 0xfc, 0xc9, 0xb3, 0xd8, 0x9e, 0x2b, 0xcf, 0x36, 0xb4,
  0x01, 0xf8, 0x32, 0x26, 0x00, 0x40, 0xaf, 0x61, 0x15, 0xc7, 0x54, 0x22,
  0x31, 0xbe, 0xd7, 0x4c, 0xc9, 0x53, 0x0b, 0x12, 0x20, 0xde, 0xef, 0xbc,
  0x0b, 0x07, 0xea, 0xdf, 0x12, 0xa7, 0xe8, 0xd9, 0xdd, 0x6b, 0xef, 0xac,
  0xd7, 0x0f, 0xdb, 0xac, 0xdd, 0x66, 0xe6, 0x48, 0xc1, 0x46, 0xaf, 0x5b,
  0x45, 0x6b, 0x10, 0xfd, 0x6a, 0x52, 0x2e, 0x41, 0x1c, 0x65, 0x46, 0x2c,
  0xcd, 0x5c, 0x51, 0xd8, 0x04, 0xef, 0x3c, 0x62, 0x28, 0xbb, 0x42, 0x58,
  0xbf, 0x17, 0x2a, 0x26, 0xf2, 0xfa, 0x1c, 0x58, 0xef, 0x53, 0xd1, 0x57,
  0xe8, 0x2b, 0x4f, 0x49, 0xdd, 0xcf, 0x02, 0xf6, 0xde, 0x3b, 0x4f, 0x57,
  0x37, 0xdf, 0xdd, 0x55, 0x5e, 0xdd, 0x2f, 0x55, 0x12, 0x15, 0xc5, 0x13,
  0xfd, 0xd6, 0x0b, 0x9e, 0xc5, 0x02, 0xf6, 0xc8, 0x75, 0xca, 0x4c, 0x74,
  0xcc, 0x24, 0x67, 0x08, 0xa6, 0xb0, 0xff, 0x4e, 0x4b, 0x4e, 0xc1, 0x72,
  0x52, 0xe2, 0x08, 0xce, 0x09, 0xec, 0x0f, 0xc8, 0xfc, 0x21, 0xea, 0x1c,
  0x08, 0xb7, 0x16, 0x0a, 0x3e, 0x22, 0xea, 0x5b, 0x04, 0x5c, 0x2c, 0x42,
  0x5f, 0xdc, 0x32, 0x73, 0xf1, 0xb4, 0xd8, 0x04, 0x55, 0x4e, 0x26, 0x6e,
  0x4d, 0xe6, 0xe3, 0x2b, 0xd5, 0xc5, 0xe3, 0xc0, 0x1b, 0x10, 0xa5, 0x6d,
  0x47, 0xdb, 0x2d, 0xe8, 0xe0, 0xe5, 0x17, 0xf3, 0x05, 0x75, 0x54, 0x50,
  0xbc, 0x1f, 0xf0, 0x00, 0x60, 0x30, 0x08, 0xb9, 0x4c, 0xcf, 0x53, 0xf1,
  0x6f, 0x19, 0x28, 0x4c, 0x03, 0x12, 0xdb, 0x36, 0x2b, 0xe3, 0x6d, 0xf4,
  0xe8, 0xfb, 0x3e, 0xa9, 0xab, 0x43, 0x42, 0x4d, 0x0c, 0xed, 0xc2, 0x3f,
  0x58, 0x0b, 0xd1, 0xb8, 0xd3, 0x66, 0x09, 0xcb, 0xa2, 0x57, 0x46, 0xb4,
  0x23, 0x4d, 0x22, 0x0e, 0x46, 0xca, 0xf5, 0xce, 0x42, 0xd4, 0x5a, 0x24,
  0xdb, 0xa1, 0x63, 0x0f, 0xa5, 0xfe, 0xbe, 0xcc, 0x43, 0x9d, 0x31, 0xfd,
  0xe2, 0xc9, 0xb1, 0xed, 0x02, 0x68, 0xb0, 0xba, 0x1d, 0x31, 0x51, 0xc2,
  0x55, 0xc9, 0x24, 0xa7, 0x18, 0xb2, 0xa4, 0x43, 0xc7, 0xee, 0xea, 0xbe,
  0x2c, 0x01, 0xab, 0xd9, 0xdb, 0xb9, 0xf3, 0x45, 0xdf, 0x27, 0xe3, 0xe8,
  0xce, 0xe6, 0xee, 0x4b, 0xdf, 0xc2, 0xc4, 0xbc, 0x4b, 0x27, 0xcb, 0xb2,
  0xee, 0x29, 0x30, 0xfa, 0xb3, 0xdc, 0x5a, 0xec, 0xde, 0xd8, 0xc7, 0xc8,
  0x3c, 0x3c, 0x1e, 0x15, 0x48, 0x5c, 0xae, 0x3b, 0x54, 0xc2, 0x2e, 0xc6,
  0x0f, 0xdc, 0x14, 0xd1, 0xe8, 0x10, 0x0b, 0x5d, 0x2c, 0xc9, 0x4d, 0xb8,
  0xdc, 0x4c, 0x66, 0x12, 0x0c, 0x24, 0x1c, 0x36, 0xa6, 0xeb, 0x22, 0xc5,
  0xa7, 0x59, 0x98, 0xb9, 0x06, 0xc7, 0x23, 0xd5, 0xbb, 0x08, 0xb9, 0xf0,
  0x47, 0x13, 0xb1, 0x9d, 0x14, 0x17, 0x33, 0xff, 0x29, 0xfa, 0x09, 0x2a,
  0x38, 0x4d, 0xec, 0xce, 0xf8, 0xc3, 0xdd, 0x58, 0x1c, 0x9e, 0xd3, 0xd2,
  0x51, 0x2a, 0x0d, 0xfb, 0xcd, 0x12, 0xbd, 0x08, 0x60, 0xf0, 0xb9, 0x50,
  0x0c, 0x01, 0x38, 0x5a, 0xd8, 0x38, 0x34, 0x24, 0x96, 0xf9, 0x21, 0xe9,
  0x12, 0x55, 0xf4, 0xd1, 0xac, 0xc9, 0xab, 0xa6, 0xa5, 0x29, 0x64, 0xc9,
  0x0a, 0xb2, 0xa2, 0xb0, 0x50, 0xe0, 0xbc, 0x9c, 0xb2, 0x57, 0x2b, 0x4d,
  0x1a, 0xe3, 0xc0, 0x17, 0xe7, 0x0d, 0xfc, 0xec, 0x50, 0xc3, 0xcd, 0xaf,
  0xf5, 0xd5, 0x07, 0xd7, 0xd4, 0x19, 0xbe, 0x49, 0x4b, 0xf4, 0x15, 0x44,
  0x00, 0x11, 0xd5, 0xbc, 0x1c, 0x5b, 0x11, 0xd7, 0x4c, 0x12, 0xb6, 0x36,
  0x3f, 0x20, 0xcb, 0xbe, 0x52, 0xf7, 0xda, 0x17, 0xe2, 0x24, 0x25, 0xfe,
  0xc3, 0x38, 0xe5, 0xc8, 0xa8, 0xf3, 0xdf, 0xab, 0xc7, 0x0c, 0x6b, 0xaa,
  0xf8, 0xb1, 0x72, 0x18, 0xb5, 0x41, 0x17, 0xf7, 0x6a, 0xbf, 0x3b, 0x48,
  0xf8, 0xd7, 0xd9, 0x38, 0xcb, 0xef, 0xc9, 0x60, 0x17, 0x46, 0xad, 0x08,
  0x05, 0x10, 0x00, 0xe5, 0x69, 0x2b, 0xde, 0x26, 0x03, 0xc5, 0x6a, 0xbc,
  0xf3, 0xe3, 0xc0, 0xbf, 0x11, 0x6d, 0x49, 0x0d, 0xe6, 0xeb, 0xc3, 0xe0,
  0x38, 0xaf, 0x27, 0x08, 0x04, 0xe0, 0x4f, 0xd1, 0x59, 0x21, 0x71, 0xee,
  0x15, 0x45, 0x6c, 0xe1, 0xed, 0x47, 0x01, 0xc6, 0xb3, 0xc9, 0x74, 0x2a,
  0xe2, 0xad, 0x53, 0xf2, 0x5f, 0xea, 0xf3, 0x27, 0x49, 0x1d, 0x13, 0xb7,
  0x42, 0x20, 0x26, 0xb3, 0x52, 0xdb, 0xa0, 0xa9, 0xcd, 0x0c, 0x32, 0x60,
  0xea, 0x1d, 0x2a, 0xf4, 0x01, 0xe5, 0x94, 0xde, 0x41, 0xd1, 0x05, 0xd6,
  0xea, 0xb3, 0xdd, 0xd3, 0xbc, 0x49, 0x46, 0xff, 0x4b, 0xef, 0x9a, 0x27,
  0x48, 0x25, 0x0c, 0xec, 0x53, 0x21, 0x14, 0x42, 0xe8, 0xfb, 0xd9, 0x14,
  0xe7, 0xc8, 0xff, 0x4c, 0xf0, 0x14, 0xf0, 0xfe, 0x4a, 0x54, 0x9e, 0x4e,
  0x5c, 0x52, 0x36, 0x49, 0x39, 0xaf, 0x1c, 0x49, 0x1e, 0x37, 0xdd, 0xac,
  0xee, 0x3e, 0xb8, 0x3f, 0xf8, 0x2b, 0x20, 0xe3, 0x1a, 0x44, 0xbf, 0x24,
  0x62, 0x22, 0xde, 0xb6, 0xbc, 0x4d, 0x6e, 0xd4, 0xbf, 0xf8, 0x23, 0x75,
  0x1f, 0x45, 0x38, 0xc0, 0x31, 0xf9, 0x0d, 0x29, 0x13, 0x2e, 0x12, 0x2d,
  0x5f, 0x6f, 0xc9, 0xe8, 0x7f, 0x13, 0xc6, 0x3c, 0xd2, 0xb4, 0xf6, 0x2e,
  0xb0, 0xed, 0x23, 0xe4, 0x5f, 0x2a, 0xf3, 0x12, 0xdf, 0x01, 0x4f, 0xdd,
  0x14, 0xb9, 0x22, 0xd3, 0x06, 0x18, 0x67, 0xb7, 0x54, 0xe4, 0xed, 0x29,
  0xfb, 0xa6, 0x5a, 0x9a, 0xdc, 0x18, 0xcd, 0xa2, 0xf8, 0x28, 0x6a, 0x20,
  0x0a, 0xef, 0x0f, 0x1f, 0x4a, 0x04, 0x0a, 0x24, 0x05, 0xf1, 0xd2, 0xf7,
  0x05, 0x09, 0x67, 0xd3, 0x07, 0x13, 0x66, 0xd5, 0xbe, 0x43, 0xda, 0x12,
  0x17, 0xdb, 0xbb, 0xb4, 0x35, 0x52, 0xb5, 0x53, 0x08, 0x42, 0x01, 0x1a,
  0xfc, 0x46, 0x5a, 0xeb, 0xa5, 0x04, 0xaf, 0xdd, 0x35, 0x2b, 0x16, 0xcb,
  0xe0, 0x1b, 0x47, 0x58, 0xce, 0xdd, 0x62, 0x15, 0x53, 0x0f, 0x4e, 0x27,
  0x4d, 0x44, 0x64, 0x2b, 0x42, 0xf9, 0xdc, 0x00, 0x59, 0xbe, 0x45, 0x40,
  0xb7, 0x1e, 0xbc, 0x55, 0xad, 0x6d, 0x5b, 0xfe, 0xe1, 0x38, 0xcf, 0x04,
  0x5a, 0x35, 0x40, 0x25, 0x17, 0xaf, 0x1a, 0xc5, 0x58, 0xff, 0x4f, 0xac,
  0xd2, 0x5c, 0xe7, 0x51, 0x25, 0xbf, 0x0e, 0xe2, 0x21, 0x0a, 0x51, 0xb2,
  0xc3, 0xe3, 0xc7, 0x15, 0x4b, 0x5b, 0x1e, 0x5a, 0xe2, 0x12, 0x24, 0x2c,
  0xc0, 0xad, 0xa4, 0xcf, 0x22, 0x09, 0x19, 0x12, 0x3a, 0xd8, 0x5b, 0x35,
  0xb7, 0xb3, 0x9e, 0x9f, 0x43, 0xc4, 0xfa, 0xc0, 0xb8, 0xc1, 0xd3, 0xc7,
  0x0c, 0x5e, 0x1a, 0x4d, 0xc6, 0xd2, 0xf1, 0xd3, 0xa4, 0x02, 0xab, 0x3a,
  0xfd, 0xe8, 0x00, 0xe8, 0xa0, 0xb5, 0x12, 0x07, 0x07, 0xa3, 0x0c, 0x9d,
  0x20, 0xcd, 0xee, 0xca, 0xd6, 0x05, 0x17, 0xec, 0x3d, 0xd8, 0x72, 0x28,
  0xd3, 0x34, 0x56, 0xf8, 0xf1, 0x58, 0x1e, 0xca, 0x37, 0x4c, 0x48, 0xf0,
  0xfa, 0x26, 0xcd, 0xd9, 0x9e, 0x58, 0x58, 0xfc, 0x17, 0x26, 0xe9, 0xcd,
  0xe9, 0xac, 0xf0, 0xf7, 0xfe, 0x42, 0xb0, 0x28, 0x31, 0xe4, 0x37, 0xf0,
  0xdd, 0xb4, 0x5b, 0x2a, 0x12, 0x27, 0xf2, 0x55, 0x19, 0xcf, 0x09, 0x57,
  0x51, 0xcc, 0xbc, 0xbb, 0xab, 0x2c, 0xeb, 0xae, 0x40, 0x29, 0xda, 0x5d,
  0x15, 0x31, 0xc0, 0xf1, 0x37, 0x36, 0xda, 0xf6, 0x17, 0x08, 0xb9, 0x75,
  0x01, 0x46, 0xa7, 0xaa, 0xef, 0x14, 0x6d, 0xa3, 0x30, 0xf8, 0xf5, 0x4b,
  0x40, 0xed, 0x43, 0x07, 0x3f, 0x06, 0x40, 0x61, 0xfb, 0xa7, 0x05, 0xb2,
  0x48, 0x6b, 0x25, 0x20, 0x42, 0x5d, 0xa8, 0xe8, 0x20, 0x48, 0xd1, 0x2d,
  0x09, 0xa3, 0x35, 0x56, 0xf5, 0xa7, 0x6d, 0x46, 0x03, 0xe6, 0xe8, 0x3e,
  0xe0, 0xc8, 0xe5, 0xb4, 0xce, 0x57, 0x31, 0x4e, 0xa3, 0xbc, 0x2f, 0x4f,
  0x23, 0xcd, 0xa4, 0x09, 0xe5, 0x42, 0xaf, 0xbc, 0x92, 0xd4, 0x9b, 0x31,
  0x50, 0xf9, 0xa3, 0xdb, 0xe9, 0x1e, 0x51, 0xaa, 0xc6, 0xc2, 0xfe, 0x53,
  0xbc, 0xd9, 0xbe, 0xec, 0x55, 0x24, 0x51, 0xc0, 0x2b, 0x45, 0x3d, 0x31,
  0x2f, 0x43, 0x4b, 0xb8, 0xd1, 0xfc, 0xb1, 0x0e, 0x35, 0xa6, 0x2e, 0xcb,
  0x50, 0xc0, 0x41, 0xad, 0xf3, 0x28, 0xbc, 0x11, 0xf8, 0xdf, 0xd8, 0xaa,
  0x58, 0xdf, 0x14, 0xe3, 0x2b, 0xee, 0x2c, 0xce, 0xa9, 0xf0, 0xe1, 0x20,
  0xc3, 0x0f, 0xca, 0xb5, 0xfc, 0x26, 0x49, 0xea, 0xd2, 0x0b, 0x0a, 0x12,
  0xd0, 0xbf, 0xec, 0xf7, 0x54, 0xbe, 0xe7, 0x63, 0xef, 0x12, 0x10, 0xa3,
  0x3c, 0xc2, 0x6e, 0x46, 0x69, 0x43, 0x68, 0x34, 0x59, 0xb3, 0x24, 0xee,
  0x1c, 0xd8, 0x3b, 0x12, 0x32, 0xbd, 0x57, 0x1a, 0xe5, 0x4d, 0xc1, 0xbc,
  0x59, 0x13, 0xa1, 0xc3, 0xf4, 0xad, 0x59, 0xce, 0x25, 0x3b, 0xba, 0x42,
  0xb5, 0x0e, 0x3e, 0x12, 0xb0, 0x62, 0xd7, 0x9c, 0x22, 0x47, 0x42, 0x06,
  0x66, 0x68, 0xd9, 0xfb, 0x5f, 0xed, 0x2a, 0x32, 0xea, 0xae, 0x28, 0x45,
  0x03, 0x5a, 0x2c, 0xb5, 0xd8, 0x58, 0x1e, 0xb0, 0x6d, 0xad, 0xdd, 0x1f,
  0xf0, 0xc0, 0xcd, 0xc8, 0xa9, 0xcf, 0xe4, 0x68, 0x28, 0xac, 0xc2, 0x13,
  0x17, 0xa8, 0x21, 0xc6, 0x98, 0x33, 0x1a, 0x52, 0xce, 0x07, 0xd9, 0xb3,
  0x34, 0x5d, 0x3d, 0x19, 0x09, 0x04, 0x28, 0x51, 0xb6, 0xbf, 0x0f, 0xb9,
  0x56, 0xd4, 0xb3, 0x1e, 0xfc, 0x4c, 0xd3, 0xfc, 0x3c, 0x2b, 0xc3, 0x3c,
  0xa2, 0x07, 0x02, 0xee, 0x38, 0x29, 0xd2, 0xd6, 0x20, 0xee, 0x37, 0xd9,
  0xb1, 0xa9, 0x30, 0xe3, 0x09, 0x37, 0x13, 0x28, 0x1e, 0x99, 0xea, 0x9d,
  0x15, 0x05, 0x0b, 0x15, 0xee, 0xb6, 0x63, 0x74, 0x20, 0x1b, 0xba, 0xd3,
  0xef, 0xe1, 0x47, 0xd5, 0x6e, 0x23, 0x27, 0x6f, 0xa0, 0x05, 0x57, 0xcd,
  0x3c, 0xf2, 0x08, 0xd2, 0x0c, 0xae, 0x46, 0x29, 0xf8, 0xb1, 0x00, 0xe1,
  0xca, 0x17, 0xf3, 0x3b, 0x1c, 0x24, 0xdb, 0xcb, 0xda, 0xc5, 0xff, 0xa7,
  0x5a, 0x42, 0x04, 0xb3, 0xa7, 0x6d, 0x9b, 0x67, 0xa1, 0x12, 0x29, 0x39,
  0x5c, 0x04, 0xe0, 0x70, 0x8e, 0xfd, 0xff, 0xff, 0x04, 0x00, 0x00, 0x00,
  0x80, 0x00, 0x00, 0x00, 0x26, 0x01, 0x00, 0x00, 0x6c, 0x00, 0x00, 0x00,
  0xc5, 0x00, 0x00, 0x00, 0x11, 0x03, 0x00, 0x00, 0x2c, 0x01, 0x00, 0x00,
  0xac, 0x02, 0x00, 0x00, 0x00, 0x00, 0x00, 0x00, 0x69, 0x02, 0x00, 0x00,
  0x3b, 0xff, 0xff, 0xff, 0x65, 0x02, 0x00, 0x00, 0xf1, 0x00, 0x00, 0x00,
  0x35, 0x02, 0x00, 0x00, 0xcc, 0x02, 0x00, 0x00, 0xb5, 0x02, 0x00, 0x00,
  0x39, 0x01, 0x00, 0x00, 0x9c, 0xff, 0xff, 0xff, 0x00, 0x00, 0x00, 0x00,
  0x9c, 0x00, 0x00, 0x00, 0xb5, 0x01, 0x00, 0x00, 0x01, 0x01, 0x00, 0x00,
  0x7f, 0x01, 0x00, 0x00, 0x75, 0x03, 0x00, 0x00, 0x0d, 0x00, 0x00, 0x00,
  0x59, 0x02, 0x00, 0x00, 0x6e, 0xff, 0xff, 0xff, 0x75, 0x01, 0x00, 0x00,
  0x8d, 0x02, 0x00, 0x00, 0x84, 0xff, 0xff, 0xff, 0xf6, 0x02, 0x00, 0x00,
  0x15, 0x02, 0x00, 0x00, 0xfc, 0xfe, 0xff, 0xff, 0xf2, 0x01, 0x00, 0x00,
  0x1a, 0xfe, 0xff, 0xff, 0x04, 0x00, 0x00, 0x00, 0xa0, 0x00, 0x00, 0x00,
  0xd2, 0xa3, 0x71, 0x0b, 0x8e, 0x6f, 0x27, 0x4f, 0x40, 0xed, 0xe7, 0xb8,
  0x64, 0x2c, 0xae, 0x4e, 0x8f, 0x9a, 0xff, 0x5c, 0x18, 0xfc, 0xc6, 0xe0,
  0xa5, 0xbf, 0xee, 0xe0, 0xe5, 0xcf, 0xc3, 0x29, 0x8f, 0xe5, 0xd4, 0x62,
  0x1d, 0x6c, 0xb0, 0xf9, 0xfb, 0x8e, 0xd1, 0xc1, 0xb7, 0x36, 0xa2, 0x65,
  0xa4, 0x1c, 0xda, 0x8e, 0xe0, 0x33, 0xe8, 0x6c, 0x08, 0xa7, 0xdf, 0xa5,
  0x52, 0x79, 0x28, 0xae, 0x13, 0x4f, 0x3a, 0x52, 0xa4, 0x4b, 0xfe, 0x84,
  0x4e, 0x61, 0x6e, 0x97, 0xcd, 0xe7, 0xd4, 0xe2, 0xf9, 0x94, 0x07, 0x42,
  0x5a, 0x9a, 0x93, 0x88, 0x3e, 0xcd, 0x3a, 0xa7, 0x0c, 0x5c, 0x1b, 0x64,
  0x41, 0xde, 0x94, 0x46, 0x42, 0x19, 0x3a, 0x87, 0xe2, 0xc6, 0x96, 0x8a,
  0x3a, 0x74, 0xaf, 0xc3, 0xc6, 0xc0, 0x06, 0x81, 0x9c, 0xd5, 0x97, 0x57,
  0x0d, 0x09, 0xd0, 0x9e, 0xb0, 0xa5, 0xe4, 0xe0, 0xf5, 0xed, 0x3d, 0xef,
  0x40, 0xf1, 0xd6, 0x26, 0xee, 0x0d, 0x10, 0xa3, 0x0f, 0x27, 0x0d, 0xe9,
  0xf4, 0x1d, 0x5d, 0x4e, 0xd3, 0xc8, 0x1c, 0x09, 0xae, 0x77, 0x81, 0x99,
  0x11, 0x5a, 0x4c, 0xf1, 0xc6, 0xfe, 0xff, 0xff, 0x04, 0x00, 0x00, 0x00,
  0x14, 0x00, 0x00, 0x00, 0xf4, 0x00, 0x00, 0x00, 0xbd, 0x00, 0x00, 0x00,
  0xee, 0xfe, 0xff, 0xff, 0x4c, 0x01, 0x00, 0x00, 0x95, 0xfe, 0xff, 0xff,
  0xe6, 0xfe, 0xff, 0xff, 0x04, 0x00, 0x00, 0x00, 0x0c, 0x00, 0x00, 0x00,
  0xff, 0xff, 0xff, 0xff, 0x4b, 0x00, 0x00, 0x00, 0x40, 0x00, 0x00, 0x00,
  0xfe, 0xfe, 0xff, 0xff, 0x04, 0x00, 0x00, 0x00, 0x0c, 0x00, 0x00, 0x00,
  0xff, 0xff, 0xff, 0xff, 0x4b, 0x00, 0x00, 0x00, 0x20, 0x00, 0x00, 0x00,
  0x16, 0xff, 0xff, 0xff, 0x04, 0x00, 0x00, 0x00, 0x04, 0x00, 0x00, 0x00,
  0x01, 0x00, 0x00, 0x00, 0x26, 0xff, 0xff, 0xff, 0x04, 0x00, 0x00, 0x00,
  0x0c, 0x00, 0x00, 0x00, 0xff, 0xff, 0xff, 0xff, 0x96, 0x00, 0x00, 0x00,
  0x20, 0x00, 0x00, 0x00, 0x3e, 0xff, 0xff, 0xff, 0x04, 0x00, 0x00, 0x00,
  0x04, 0x00, 0x00, 0x00, 0xfd, 0xff, 0xff, 0xff, 0x94, 0xdd, 0xff, 0xff,
  0x98, 0xdd, 0xff, 0xff, 0x0f, 0x00, 0x00, 0x00, 0x4d, 0x4c, 0x49, 0x52,
  0x20, 0x43, 0x6f, 0x6e, 0x76, 0x65, 0x72, 0x74, 0x65, 0x64, 0x2e, 0x00,
  0x01, 0x00, 0x00, 0x00, 0x14, 0x00, 0x00, 0x00, 0x00, 0x00, 0x0e, 0x00,
  0x18, 0x00, 0x14, 0x00, 0x10, 0x00, 0x0c, 0x00, 0x08, 0x00, 0x04, 0x00,
  0x0e, 0x00, 0x00, 0x00, 0x14, 0x00, 0x00, 0x00, 0x1c, 0x00, 0x00, 0x00,
  0x9c, 0x03, 0x00, 0x00, 0xa0, 0x03, 0x00, 0x00, 0xa4, 0x03, 0x00, 0x00,
  0x04, 0x00, 0x00, 0x00, 0x6d, 0x61, 0x69, 0x6e, 0x00, 0x00, 0x00, 0x00,
  0x0f, 0x00, 0x00, 0x00, 0x54, 0x03, 0x00, 0x00, 0xf4, 0x02, 0x00, 0x00,
  0xb0, 0x02, 0x00, 0x00, 0x7c, 0x02, 0x00, 0x00, 0x54, 0x02, 0x00, 0x00,
  0x18, 0x02, 0x00, 0x00, 0xc4, 0x01, 0x00, 0x00, 0x8c, 0x01, 0x00, 0x00,
  0x5c, 0x01, 0x00, 0x00, 0x18, 0x01, 0x00, 0x00, 0xf0, 0x00, 0x00, 0x00,
  0xbc, 0x00, 0x00, 0x00, 0x78, 0x00, 0x00, 0x00, 0x40, 0x00, 0x00, 0x00,
  0x04, 0x00, 0x00, 0x00, 0x6e, 0xfe, 0xff, 0xff, 0x1c, 0x00, 0x00, 0x00,
  0x00, 0x00, 0x00, 0x09, 0x1c, 0x00, 0x00, 0x00, 0x20, 0x00, 0x00, 0x00,
  0x08, 0x00, 0x00, 0x00, 0x00, 0x00, 0x06, 0x00, 0x08, 0x00, 0x04, 0x00,
  0x06, 0x00, 0x00, 0x00, 0x00, 0x00, 0x80, 0x3f, 0x01, 0x00, 0x00, 0x00,
  0x1e, 0x00, 0x00, 0x00, 0x01, 0x00, 0x00, 0x00, 0x1d, 0x00, 0x00, 0x00,
  0x8a, 0xfd, 0xff, 0xff, 0x14, 0x00, 0x00, 0x00, 0x00, 0x00, 0x00, 0x08,
  0x10, 0x00, 0x00, 0x00, 0x14, 0x00, 0x00, 0x00, 0x07, 0x00, 0x00, 0x00,
  0x7c, 0xde, 0xff, 0xff, 0x01, 0x00, 0x00, 0x00, 0x1d, 0x00, 0x00, 0x00,
  0x03, 0x00, 0x00, 0x00, 0x1c, 0x00, 0x00, 0x00, 0x07, 0x00, 0x00, 0x00,
  0x06, 0x00, 0x00, 0x00, 0xda, 0xfe, 0xff, 0xff, 0x1c, 0x00, 0x00, 0x00,
  0x00, 0x00, 0x00, 0x08, 0x1c, 0x00, 0x00, 0x00, 0x20, 0x00, 0x00, 0x00,
  0x07, 0x00, 0x00, 0x00, 0x00, 0x00, 0x06, 0x00, 0x08, 0x00, 0x07, 0x00,
  0x06, 0x00, 0x00, 0x00, 0x00, 0x00, 0x00, 0x01, 0x01, 0x00, 0x00, 0x00,
  0x1c, 0x00, 0x00, 0x00, 0x03, 0x00, 0x00, 0x00, 0x1b, 0x00, 0x00, 0x00,
  0x09, 0x00, 0x00, 0x00, 0x08, 0x00, 0x00, 0x00, 0xfe, 0xfd, 0xff, 0xff,
  0x14, 0x00, 0x00, 0x00, 0x00, 0x00, 0x00, 0x1b, 0x10, 0x00, 0x00, 0x00,
  0x14, 0x00, 0x00, 0x00, 0x06, 0x00, 0x00, 0x00, 0xf0, 0xde, 0xff, 0xff,
  0x01, 0x00, 0x00, 0x00, 0x1b, 0x00, 0x00, 0x00, 0x02, 0x00, 0x00, 0x00,
  0x1a, 0x00, 0x00, 0x00, 0x03, 0x00, 0x00, 0x00, 0xbe, 0xfe, 0xff, 0xff,
  0x0c, 0x00, 0x00, 0x00, 0x10, 0x00, 0x00, 0x00, 0x04, 0x00, 0x00, 0x00,
  0x01, 0x00, 0x00, 0x00, 0x1a, 0x00, 0x00, 0x00, 0x02, 0x00, 0x00, 0x00,
  0x19, 0x00, 0x00, 0x00, 0x05, 0x00, 0x00, 0x00, 0x52, 0xfe, 0xff, 0xff,
  0x14, 0x00, 0x00, 0x00, 0x00, 0x00, 0x00, 0x01, 0x1c, 0x00, 0x00, 0x00,
  0x20, 0x00, 0x00, 0x00, 0x01, 0x00, 0x00, 0x00, 0x44, 0xfe, 0xff, 0xff,
  0x00, 0x00, 0x00, 0x01, 0x01, 0x00, 0x00, 0x00, 0x01, 0x00, 0x00, 0x00,
  0x01, 0x00, 0x00, 0x00, 0x19, 0x00, 0x00, 0x00, 0x03, 0x00, 0x00, 0x00,
  0x18, 0x00, 0x00, 0x00, 0x0b, 0x00, 0x00, 0x00, 0x0a, 0x00, 0x00, 0x00,
  0x36, 0xfe, 0xff, 0xff, 0x10, 0x00, 0x00, 0x00, 0x00, 0x00, 0x00, 0x34,
  0x0c, 0x00, 0x00, 0x00, 0x10, 0x00, 0x00, 0x00, 0x80, 0xdf, 0xff, 0xff,
  0x01, 0x00, 0x00, 0x00, 0x18, 0x00, 0x00, 0x00, 0x02, 0x00, 0x00, 0x00,
  0x17, 0x00, 0x00, 0x00, 0x01, 0x00, 0x00, 0x00, 0x4e, 0xff, 0xff, 0xff,
  0x0c, 0x00, 0x00, 0x00, 0x10, 0x00, 0x00, 0x00, 0x04, 0x00, 0x00, 0x00,
  0x01, 0x00, 0x00, 0x00, 0x17, 0x00, 0x00, 0x00, 0x02, 0x00, 0x00, 0x00,
  0x16, 0x00, 0x00, 0x00, 0x04, 0x00, 0x00, 0x00, 0x00, 0x00, 0x0e, 0x00,
  0x1a, 0x00, 0x14, 0x00, 0x10, 0x00, 0x0c, 0x00, 0x0b, 0x00, 0x04, 0x00,
  0x0e, 0x00, 0x00, 0x00, 0x24, 0x00, 0x00, 0x00, 0x00, 0x00, 0x00, 0x05,
  0x34, 0x00, 0x00, 0x00, 0x38, 0x00, 0x00, 0x00, 0x05, 0x00, 0x00, 0x00,
  0x00, 0x00, 0x0e, 0x00, 0x18, 0x00, 0x17, 0x00, 0x10, 0x00, 0x0c, 0x00,
  0x08, 0x00, 0x04, 0x00, 0x0e, 0x00, 0x00, 0x00, 0x01, 0x00, 0x00, 0x00,
  0x02, 0x00, 0x00, 0x00, 0x01, 0x00, 0x00, 0x00, 0x02, 0x00, 0x00, 0x00,
  0x00, 0x00, 0x00, 0x01, 0x01, 0x00, 0x00, 0x00, 0x16, 0x00, 0x00, 0x00,
  0x01, 0x00, 0x00, 0x00, 0x15, 0x00, 0x00, 0x00, 0xe6, 0xfe, 0xff, 0xff,
  0x10, 0x00, 0x00, 0x00, 0x00, 0x00, 0x00, 0x34, 0x0c, 0x00, 0x00, 0x00,
  0x10, 0x00, 0x00, 0x00, 0x30, 0xe0, 0xff, 0xff, 0x01, 0x00, 0x00, 0x00,
  0x15, 0x00, 0x00, 0x00, 0x02, 0x00, 0x00, 0x00, 0x14, 0x00, 0x00, 0x00,
  0x03, 0x00, 0x00, 0x00, 0x00, 0x00, 0x0a, 0x00, 0x10, 0x00, 0x0c, 0x00,
  0x08, 0x00, 0x04, 0x00, 0x0a, 0x00, 0x00, 0x00, 0x0c, 0x00, 0x00, 0x00,
  0x10, 0x00, 0x00, 0x00, 0x04, 0x00, 0x00, 0x00, 0x01, 0x00, 0x00, 0x00,
  0x14, 0x00, 0x00, 0x00, 0x02, 0x00, 0x00, 0x00, 0x13, 0x00, 0x00, 0x00,
  0x02, 0x00, 0x00, 0x00, 0x9e, 0xff, 0xff, 0xff, 0x14, 0x00, 0x00, 0x00,
  0x00, 0x00, 0x00, 0x0b, 0x10, 0x00, 0x00, 0x00, 0x14, 0x00, 0x00, 0x00,
  0x03, 0x00, 0x00, 0x00, 0x90, 0xe0, 0xff, 0xff, 0x01, 0x00, 0x00, 0x00,
  0x13, 0x00, 0x00, 0x00, 0x02, 0x00, 0x00, 0x00, 0x12, 0x00, 0x00, 0x00,
  0x0c, 0x00, 0x00, 0x00, 0xce, 0xff, 0xff, 0xff, 0x14, 0x00, 0x00, 0x00,
  0x00, 0x00, 0x00, 0x15, 0x10, 0x00, 0x00, 0x00, 0x14, 0x00, 0x00, 0x00,
  0x02, 0x00, 0x00, 0x00, 0xc0, 0xe0, 0xff, 0xff, 0x01, 0x00, 0x00, 0x00,
  0x12, 0x00, 0x00, 0x00, 0x02, 0x00, 0x00, 0x00, 0x11, 0x00, 0x00, 0x00,
  0x0d, 0x00, 0x00, 0x00, 0x00, 0x00, 0x0e, 0x00, 0x18, 0x00, 0x14, 0x00,
  0x10, 0x00, 0x0c, 0x00, 0x0b, 0x00, 0x04, 0x00, 0x0e, 0x00, 0x00, 0x00,
  0x20, 0x00, 0x00, 0x00, 0x00, 0x00, 0x00, 0x01, 0x28, 0x00, 0x00, 0x00,
  0x2c, 0x00, 0x00, 0x00, 0x01, 0x00, 0x00, 0x00, 0x0c, 0x00, 0x10, 0x00,
  0x00, 0x00, 0x0c, 0x00, 0x08, 0x00, 0x07, 0x00, 0x0c, 0x00, 0x00, 0x00,
  0x00, 0x00, 0x00, 0x01, 0x01, 0x00, 0x00, 0x00, 0x01, 0x00, 0x00, 0x00,
  0x01, 0x00, 0x00, 0x00, 0x11, 0x00, 0x00, 0x00, 0x03, 0x00, 0x00, 0x00,
  0x10, 0x00, 0x00, 0x00, 0x0f, 0x00, 0x00, 0x00, 0x0e, 0x00, 0x00, 0x00,
  0x00, 0x00, 0x0e, 0x00, 0x14, 0x00, 0x00, 0x00, 0x10, 0x00, 0x0c, 0x00,
  0x0b, 0x00, 0x04, 0x00, 0x0e, 0x00, 0x00, 0x00, 0x10, 0x00, 0x00, 0x00,
  0x00, 0x00, 0x00, 0x34, 0x0c, 0x00, 0x00, 0x00, 0x10, 0x00, 0x00, 0x00,
  0x58, 0xe1, 0xff, 0xff, 0x01, 0x00, 0x00, 0x00, 0x10, 0x00, 0x00, 0x00,
  0x02, 0x00, 0x00, 0x00, 0x00, 0x00, 0x00, 0x00, 0x01, 0x00, 0x00, 0x00,
  0x01, 0x00, 0x00, 0x00, 0x1e, 0x00, 0x00, 0x00, 0x01, 0x00, 0x00, 0x00,
  0x00, 0x00, 0x00, 0x00, 0x1f, 0x00, 0x00, 0x00, 0xb4, 0x1e, 0x00, 0x00,
  0x5c, 0x1e, 0x00, 0x00, 0xe4, 0x1d, 0x00, 0x00, 0xa8, 0x1d, 0x00, 0x00,
  0x44, 0x1d, 0x00, 0x00, 0xe4, 0x1c, 0x00, 0x00, 0x74, 0x1c, 0x00, 0x00,
  0x00, 0x1c, 0x00, 0x00, 0x74, 0x1b, 0x00, 0x00, 0x00, 0x1b, 0x00, 0x00,
  0x04, 0x17, 0x00, 0x00, 0x90, 0x13, 0x00, 0x00, 0x0c, 0x13, 0x00, 0x00,
  0x88, 0x12, 0x00, 0x00, 0x0c, 0x10, 0x00, 0x00, 0x18, 0x0e, 0x00, 0x00,
  0x74, 0x0d, 0x00, 0x00, 0x48, 0x0c, 0x00, 0x00, 0xdc, 0x0a, 0x00, 0x00,
  0x08, 0x09, 0x00, 0x00, 0x38, 0x07, 0x00, 0x00, 0x90, 0x06, 0x00, 0x00,
  0xf4, 0x05, 0x00, 0x00, 0x54, 0x05, 0x00, 0x00, 0xac, 0x04, 0x00, 0x00,
  0x80, 0x03, 0x00, 0x00, 0x80, 0x02, 0x00, 0x00, 0xe8, 0x01, 0x00, 0x00,
  0x24, 0x01, 0x00, 0x00, 0x80, 0x00, 0x00, 0x00, 0x04, 0x00, 0x00, 0x00,
  0xde, 0xe1, 0xff, 0xff, 0x00, 0x00, 0x00, 0x01, 0x18, 0x00, 0x00, 0x00,
  0x20, 0x00, 0x00, 0x00, 0x3c, 0x00, 0x00, 0x00, 0x1f, 0x00, 0x00, 0x00,
  0x00, 0x00, 0x00, 0x09, 0x50, 0x00, 0x00, 0x00, 0x02, 0x00, 0x00, 0x00,
  0xff, 0xff, 0xff, 0xff, 0x05, 0x00, 0x00, 0x00, 0xc4, 0xe1, 0xff, 0xff,
  0x08, 0x00, 0x00, 0x00, 0x10, 0x00, 0x00, 0x00, 0x01, 0x00, 0x00, 0x00,
  0x80, 0xff, 0xff, 0xff, 0xff, 0xff, 0xff, 0xff, 0x01, 0x00, 0x00, 0x00,
  0x00, 0x00, 0x80, 0x3b, 0x1b, 0x00, 0x00, 0x00, 0x53, 0x74, 0x61, 0x74,
  0x65, 0x66, 0x75, 0x6c, 0x50, 0x61, 0x72, 0x74, 0x69, 0x74, 0x69, 0x6f,
  0x6e, 0x65, 0x64, 0x43, 0x61, 0x6c, 0x6c, 0x5f, 0x31, 0x3a, 0x30, 0x00,
  0x02, 0x00, 0x00, 0x00, 0x01, 0x00, 0x00, 0x00, 0x05, 0x00, 0x00, 0x00,
  0x56, 0xe2, 0xff, 0xff, 0x00, 0x00, 0x00, 0x01, 0x18, 0x00, 0x00, 0x00,
  0x20, 0x00, 0x00, 0x00, 0x3c, 0x00, 0x00, 0x00, 0x1e, 0x00, 0x00, 0x00,
  0x00, 0x00, 0x00, 0x09, 0x78, 0x00, 0x00, 0x00, 0x02, 0x00, 0x00, 0x00,
  0xff, 0xff, 0xff, 0xff, 0x05, 0x00, 0x00, 0x00, 0x3c, 0xe2, 0xff, 0xff,
  0x08, 0x00, 0x00, 0x00, 0x10, 0x00, 0x00, 0x00, 0x01, 0x00, 0x00, 0x00,
  0x15, 0x00, 0x00, 0x00, 0x00, 0x00, 0x00, 0x00, 0x01, 0x00, 0x00, 0x00,
  0x81, 0x01, 0x93, 0x3d, 0x40, 0x00, 0x00, 0x00, 0x73, 0x65, 0x71, 0x75,
  0x65, 0x6e, 0x74, 0x69, 0x61, 0x6c, 0x5f, 0x31, 0x5f, 0x31, 0x2f, 0x64,
  0x65, 0x6e, 0x73, 0x65, 0x5f, 0x32, 0x5f, 0x31, 0x2f, 0x4d, 0x61, 0x74,
  0x4d, 0x75, 0x6c, 0x3b, 0x73, 0x65, 0x71, 0x75, 0x65, 0x6e, 0x74, 0x69,
  0x61, 0x6c, 0x5f, 0x31, 0x5f, 0x31, 0x2f, 0x64, 0x65, 0x6e, 0x73, 0x65,
  0x5f, 0x32, 0x5f, 0x31, 0x2f, 0x42, 0x69, 0x61, 0x73, 0x41, 0x64, 0x64,
  0x00, 0x00, 0x00, 0x00, 0x02, 0x00, 0x00, 0x00, 0x01, 0x00, 0x00, 0x00,
  0x05, 0x00, 0x00, 0x00, 0xf6, 0xe2, 0xff, 0xff, 0x00, 0x00, 0x00, 0x01,
  0x18, 0x00, 0x00, 0x00, 0x20, 0x00, 0x00, 0x00, 0x40, 0x00, 0x00, 0x00,
  0x1d, 0x00, 0x00, 0x00, 0x00, 0x00, 0x00, 0x09, 0x98, 0x00, 0x00, 0x00,
  0x02, 0x00, 0x00, 0x00, 0xff, 0xff, 0xff, 0xff, 0x20, 0x00, 0x00, 0x00,
  0xdc, 0xe2, 0xff, 0xff, 0x08, 0x00, 0x00, 0x00, 0x14, 0x00, 0x00, 0x00,
  0x01, 0x00, 0x00, 0x00, 0x80, 0xff, 0xff, 0xff, 0xff, 0xff, 0xff, 0xff,
  0x00, 0x00, 0x00, 0x00, 0x01, 0x00, 0x00, 0x00, 0x6e, 0x70, 0xe7, 0x3c,
  0x5e, 0x00, 0x00, 0x00, 0x73, 0x65, 0x71, 0x75, 0x65, 0x6e, 0x74, 0x69,
  0x61, 0x6c, 0x5f, 0x31, 0x5f, 0x31, 0x2f, 0x64, 0x65, 0x6e, 0x73, 0x65,
  0x5f, 0x31, 0x5f, 0x31, 0x2f, 0x4d, 0x61, 0x74, 0x4d, 0x75, 0x6c, 0x3b,
  0x73, 0x65, 0x71, 0x75, 0x65, 0x6e, 0x74, 0x69, 0x61, 0x6c, 0x5f, 0x31,
  0x5f, 0x31, 0x2f, 0x64, 0x65, 0x6e, 0x73, 0x65, 0x5f, 0x31, 0x5f, 0x31,
  0x2f, 0x52, 0x65, 0x6c, 0x75, 0x3b, 0x73, 0x65, 0x71, 0x75, 0x65, 0x6e,
  0x74, 0x69, 0x61, 0x6c, 0x5f, 0x31, 0x5f, 0x31, 0x2f, 0x64, 0x65, 0x6e,
  0x73, 0x65, 0x5f, 0x31, 0x5f, 0x31, 0x2f, 0x42, 0x69, 0x61, 0x73, 0x41,
  0x64, 0x64, 0x00, 0x00, 0x02, 0x00, 0x00, 0x00, 0x01, 0x00, 0x00, 0x00,
  0x20, 0x00, 0x00, 0x00, 0xb6, 0xe3, 0xff, 0xff, 0x00, 0x00, 0x00, 0x01,
  0x18, 0x00, 0x00, 0x00, 0x20, 0x00, 0x00, 0x00, 0x40, 0x00, 0x00, 0x00,
  0x1c, 0x00, 0x00, 0x00, 0x00, 0x00, 0x00, 0x09, 0x6c, 0x00, 0x00, 0x00,
  0x02, 0x00, 0x00, 0x00, 0xff, 0xff, 0xff, 0xff, 0x40, 0x00, 0x00, 0x00,
  0x9c, 0xe3, 0xff, 0xff, 0x08, 0x00, 0x00, 0x00, 0x14, 0x00, 0x00, 0x00,
  0x01, 0x00, 0x00, 0x00, 0x80, 0xff, 0xff, 0xff, 0xff, 0xff, 0xff, 0xff,
  0x00, 0x00, 0x00, 0x00, 0x01, 0x00, 0x00, 0x00, 0xf9, 0x75, 0xa7, 0x3c,
  0x30, 0x00, 0x00, 0x00, 0x73, 0x65, 0x71, 0x75, 0x65, 0x6e, 0x74, 0x69,
  0x61, 0x6c, 0x5f, 0x31, 0x5f, 0x31, 0x2f, 0x67, 0x6c, 0x6f, 0x62, 0x61,
  0x6c, 0x5f, 0x61, 0x76, 0x65, 0x72, 0x61, 0x67, 0x65, 0x5f, 0x70, 0x6f,
  0x6f, 0x6c, 0x69, 0x6e, 0x67, 0x31, 0x64, 0x5f, 0x31, 0x5f, 0x31, 0x2f,
  0x4d, 0x65, 0x61, 0x6e, 0x00, 0x00, 0x00, 0x00, 0x02, 0x00, 0x00, 0x00,
  0x01, 0x00, 0x00, 0x00, 0x40, 0x00, 0x00, 0x00, 0x4a, 0xe4, 0xff, 0xff,
  0x00, 0x00, 0x00, 0x01, 0x18, 0x00, 0x00, 0x00, 0x24, 0x00, 0x00, 0x00,
  0x44, 0x00, 0x00, 0x00, 0x1b, 0x00, 0x00, 0x00, 0x00, 0x00, 0x00, 0x09,
  0xd0, 0x00, 0x00, 0x00, 0x03, 0x00, 0x00, 0x00, 0xff, 0xff, 0xff, 0xff,
  0x4b, 0x00, 0x00, 0x00, 0x40, 0x00, 0x00, 0x00, 0x34, 0xe4, 0xff, 0xff,
  0x08, 0x00, 0x00, 0x00, 0x14, 0x00, 0x00, 0x00, 0x01, 0x00, 0x00, 0x00,
  0x80, 0xff, 0xff, 0xff, 0xff, 0xff, 0xff, 0xff, 0x00, 0x00, 0x00, 0x00,
  0x01, 0x00, 0x00, 0x00, 0x7a, 0xf1, 0x6c, 0x3d, 0x90, 0x00, 0x00, 0x00,
  0x73, 0x65, 0x71, 0x75, 0x65, 0x6e, 0x74, 0x69, 0x61, 0x6c, 0x5f, 0x31,
  0x5f, 0x31, 0x2f, 0x63, 0x6f, 0x6e, 0x76, 0x31, 0x64, 0x5f, 0x32, 0x5f,
  0x31, 0x2f, 0x52, 0x65, 0x6c, 0x75, 0x3b, 0x73, 0x65, 0x71, 0x75, 0x65,
  0x6e, 0x74, 0x69, 0x61, 0x6c, 0x5f, 0x31, 0x5f, 0x31, 0x2f, 0x63, 0x6f,
  0x6e, 0x76, 0x31, 0x64, 0x5f, 0x32, 0x5f, 0x31, 0x2f, 0x42, 0x69, 0x61,
  0x73, 0x41, 0x64, 0x64, 0x3b, 0x73, 0x65, 0x71, 0x75, 0x65, 0x6e, 0x74,
  0x69, 0x61, 0x6c, 0x5f, 0x31, 0x5f, 0x31, 0x2f, 0x63, 0x6f, 0x6e, 0x76,
  0x31, 0x64, 0x5f, 0x32, 0x5f, 0x31, 0x2f, 0x63, 0x6f, 0x6e, 0x76, 0x6f,
  0x6c, 0x75, 0x74, 0x69, 0x6f, 0x6e, 0x2f, 0x53, 0x71, 0x75, 0x65, 0x65,
  0x7a, 0x65, 0x3b, 0x73, 0x65, 0x71, 0x75, 0x65, 0x6e, 0x74, 0x69, 0x61,
  0x6c, 0x5f, 0x31, 0x5f, 0x31, 0x2f, 0x63, 0x6f, 0x6e, 0x76, 0x31, 0x64,
  0x5f, 0x32, 0x5f, 0x31, 0x2f, 0x53, 0x71, 0x75, 0x65, 0x65, 0x7a, 0x65,
  0x00, 0x00, 0x00, 0x00, 0x03, 0x00, 0x00, 0x00, 0x01, 0x00, 0x00, 0x00,
  0x4b, 0x00, 0x00, 0x00, 0x40, 0x00, 0x00, 0x00, 0x46, 0xe5, 0xff, 0xff,
  0x00, 0x00, 0x00, 0x01, 0x18, 0x00, 0x00, 0x00, 0x28, 0x00, 0x00, 0x00,
  0x48, 0x00, 0x00, 0x00, 0x1a, 0x00, 0x00, 0x00, 0x00, 0x00, 0x00, 0x09,
  0xf8, 0x00, 0x00, 0x00, 0x04, 0x00, 0x00, 0x00, 0xff, 0xff, 0xff, 0xff,
  0x01, 0x00, 0x00, 0x00, 0x4b, 0x00, 0x00, 0x00, 0x40, 0x00, 0x00, 0x00,
  0x34, 0xe5, 0xff, 0xff, 0x08, 0x00, 0x00, 0x00, 0x14, 0x00, 0x00, 0x00,
  0x01, 0x00, 0x00, 0x00, 0x80, 0xff, 0xff, 0xff, 0xff, 0xff, 0xff, 0xff,
  0x00, 0x00, 0x00, 0x00, 0x01, 0x00, 0x00, 0x00, 0x7a, 0xf1, 0x6c, 0x3d,
  0xb7, 0x00, 0x00, 0x00, 0x73, 0x65, 0x71, 0x75, 0x65, 0x6e, 0x74, 0x69,
  0x61, 0x6c, 0x5f, 0x31, 0x5f, 0x31, 0x2f, 0x63, 0x6f, 0x6e, 0x76, 0x31,
  0x64, 0x5f, 0x32, 0x5f, 0x31, 0x2f, 0x52, 0x65, 0x6c, 0x75, 0x3b, 0x73,
  0x65, 0x71, 0x75, 0x65, 0x6e, 0x74, 0x69, 0x61, 0x6c, 0x5f, 0x31, 0x5f,
  0x31, 0x2f, 0x63, 0x6f, 0x6e, 0x76, 0x31, 0x64, 0x5f, 0x32, 0x5f, 0x31,
  0x2f, 0x42, 0x69, 0x61, 0x73, 0x41, 0x64, 0x64, 0x3b, 0x73, 0x65, 0x71,
  0x75, 0x65, 0x6e, 0x74, 0x69, 0x61, 0x6c, 0x5f, 0x31, 0x5f, 0x31, 0x2f,
  0x63, 0x6f, 0x6e, 0x76, 0x31, 0x64, 0x5f, 0x32, 0x5f, 0x31, 0x2f, 0x63,
  0x6f, 0x6e, 0x76, 0x6f, 0x6c, 0x75, 0x74, 0x69, 0x6f, 0x6e, 0x2f, 0x53,
  0x71, 0x75, 0x65, 0x65, 0x7a, 0x65, 0x3b, 0x73, 0x65, 0x71, 0x75, 0x65,
  0x6e, 0x74, 0x69, 0x61, 0x6c, 0x5f, 0x31, 0x5f, 0x31, 0x2f, 0x63, 0x6f,
  0x6e, 0x76, 0x31, 0x64, 0x5f, 0x32, 0x5f, 0x31, 0x2f, 0x53, 0x71, 0x75,
  0x65, 0x65, 0x7a, 0x65, 0x3b, 0x73, 0x65, 0x71, 0x75, 0x65, 0x6e, 0x74,
  0x69, 0x61, 0x6c, 0x5f, 0x31, 0x5f, 0x31, 0x2f, 0x63, 0x6f, 0x6e, 0x76,
  0x31, 0x64, 0x5f, 0x32, 0x5f, 0x31, 0x2f, 0x63, 0x6f, 0x6e, 0x76, 0x6f,
  0x6c, 0x75, 0x74, 0x69, 0x6f, 0x6e, 0x31, 0x00, 0x04, 0x00, 0x00, 0x00,
  0x01, 0x00, 0x00, 0x00, 0x01, 0x00, 0x00, 0x00, 0x4b, 0x00, 0x00, 0x00,
  0x40, 0x00, 0x00, 0x00, 0x6e, 0xe6, 0xff, 0xff, 0x00, 0x00, 0x00, 0x01,
  0x18, 0x00, 0x00, 0x00, 0x28, 0x00, 0x00, 0x00, 0x48, 0x00, 0x00, 0x00,
  0x19, 0x00, 0x00, 0x00, 0x00, 0x00, 0x00, 0x09, 0x74, 0x00, 0x00, 0x00,
  0x04, 0x00, 0x00, 0x00, 0xff, 0xff, 0xff, 0xff, 0x01, 0x00, 0x00, 0x00,
  0x4b, 0x00, 0x00, 0x00, 0x20, 0x00, 0x00, 0x00, 0x5c, 0xe6, 0xff, 0xff,
  0x08, 0x00, 0x00, 0x00, 0x14, 0x00, 0x00, 0x00, 0x01, 0x00, 0x00, 0x00,
  0x89, 0xff, 0xff, 0xff, 0xff, 0xff, 0xff, 0xff, 0x00, 0x00, 0x00, 0x00,
  0x01, 0x00, 0x00, 0x00, 0x37, 0x49, 0x28, 0x3d, 0x30, 0x00, 0x00, 0x00,
  0x73, 0x65, 0x71, 0x75, 0x65, 0x6e, 0x74, 0x69, 0x61, 0x6c, 0x5f, 0x31,
  0x5f, 0x31, 0x2f, 0x63, 0x6f, 0x6e, 0x76, 0x31, 0x64, 0x5f, 0x32, 0x5f,
  0x31, 0x2f, 0x63, 0x6f, 0x6e, 0x76, 0x6f, 0x6c, 0x75, 0x74, 0x69, 0x6f,
  0x6e, 0x2f, 0x45, 0x78, 0x70, 0x61, 0x6e, 0x64, 0x44, 0x69, 0x6d, 0x73,
  0x00, 0x00, 0x00, 0x00, 0x04, 0x00, 0x00, 0x00, 0x01, 0x00, 0x00, 0x00,
  0x01, 0x00, 0x00, 0x00, 0x4b, 0x00, 0x00, 0x00, 0x20, 0x00, 0x00, 0x00,
  0x12, 0xe7, 0xff, 0xff, 0x00, 0x00, 0x00, 0x01, 0x18, 0x00, 0x00, 0x00,
  0x24, 0x00, 0x00, 0x00, 0x44, 0x00, 0x00, 0x00, 0x18, 0x00, 0x00, 0x00,
  0x00, 0x00, 0x00, 0x09, 0x70, 0x00, 0x00, 0x00, 0x03, 0x00, 0x00, 0x00,
  0xff, 0xff, 0xff, 0xff, 0x4b, 0x00, 0x00, 0x00, 0x20, 0x00, 0x00, 0x00,
  0xfc, 0xe6, 0xff, 0xff, 0x08, 0x00, 0x00, 0x00, 0x14, 0x00, 0x00, 0x00,
  0x01, 0x00, 0x00, 0x00, 0x89, 0xff, 0xff, 0xff, 0xff, 0xff, 0xff, 0xff,
  0x00, 0x00, 0x00, 0x00, 0x01, 0x00, 0x00, 0x00, 0x37, 0x49, 0x28, 0x3d,
  0x31, 0x00, 0x00, 0x00, 0x73, 0x65, 0x71, 0x75, 0x65, 0x6e, 0x74, 0x69,
  0x61, 0x6c, 0x5f, 0x31, 0x5f, 0x31, 0x2f, 0x6d, 0x61, 0x78, 0x5f, 0x70,
  0x6f, 0x6f, 0x6c, 0x69, 0x6e, 0x67, 0x31, 0x64, 0x5f, 0x31, 0x2f, 0x4d,
  0x61, 0x78, 0x50, 0x6f, 0x6f, 0x6c, 0x31, 0x64, 0x2f, 0x53, 0x71, 0x75,
  0x65, 0x65, 0x7a, 0x65, 0x31, 0x00, 0x00, 0x00, 0x03, 0x00, 0x00, 0x00,
  0x01, 0x00, 0x00, 0x00, 0x4b, 0x00, 0x00, 0x00, 0x20, 0x00, 0x00, 0x00,
  0xae, 0xe7, 0xff, 0xff, 0x00, 0x00, 0x00, 0x01, 0x18, 0x00, 0x00, 0x00,
  0x28, 0x00, 0x00, 0x00, 0x44, 0x00, 0x00, 0x00, 0x17, 0x00, 0x00, 0x00,
  0x00, 0x00, 0x00, 0x09, 0x68, 0x00, 0x00, 0x00, 0x04, 0x00, 0x00, 0x00,
  0xff, 0xff, 0xff, 0xff, 0x01, 0x00, 0x00, 0x00, 0x4b, 0x00, 0x00, 0x00,
  0x20, 0x00, 0x00, 0x00, 0x9c, 0xe7, 0xff, 0xff, 0x08, 0x00, 0x00, 0x00,
  0x10, 0x00, 0x00, 0x00, 0x01, 0x00, 0x00, 0x00, 0x89, 0xff, 0xff, 0xff,
  0xff, 0xff, 0xff, 0xff, 0x01, 0x00, 0x00, 0x00, 0x37, 0x49, 0x28, 0x3d,
  0x28, 0x00, 0x00, 0x00, 0x73, 0x65, 0x71, 0x75, 0x65, 0x6e, 0x74, 0x69,
  0x61, 0x6c, 0x5f, 0x31, 0x5f, 0x31, 0x2f, 0x6d, 0x61, 0x78, 0x5f, 0x70,
  0x6f, 0x6f, 0x6c, 0x69, 0x6e, 0x67, 0x31, 0x64, 0x5f, 0x31, 0x2f, 0x4d,
  0x61, 0x78, 0x50, 0x6f, 0x6f, 0x6c, 0x31, 0x64, 0x00, 0x00, 0x00, 0x00,
  0x04, 0x00, 0x00, 0x00, 0x01, 0x00, 0x00, 0x00, 0x01, 0x00, 0x00, 0x00,
  0x4b, 0x00, 0x00, 0x00, 0x20, 0x00, 0x00, 0x00, 0x46, 0xe8, 0xff, 0xff,
  0x00, 0x00, 0x00, 0x01, 0x18, 0x00, 0x00, 0x00, 0x28, 0x00, 0x00, 0x00,
  0x48, 0x00, 0x00, 0x00, 0x16, 0x00, 0x00, 0x00, 0x00, 0x00, 0x00, 0x09,
  0x74, 0x00, 0x00, 0x00, 0x04, 0x00, 0x00, 0x00, 0xff, 0xff, 0xff, 0xff,
  0x01, 0x00, 0x00, 0x00, 0x96, 0x00, 0x00, 0x00, 0x20, 0x00, 0x00, 0x00,
  0x34, 0xe8, 0xff, 0xff, 0x08, 0x00, 0x00, 0x00, 0x14, 0x00, 0x00, 0x00,
  0x01, 0x00, 0x00, 0x00, 0x89, 0xff, 0xff, 0xff, 0xff, 0xff, 0xff, 0xff,
  0x00, 0x00, 0x00, 0x00, 0x01, 0x00, 0x00, 0x00, 0x37, 0x49, 0x28, 0x3d,
  0x33, 0x00, 0x00, 0x00, 0x73, 0x65, 0x71, 0x75, 0x65, 0x6e, 0x74, 0x69,
  0x61, 0x6c, 0x5f, 0x31, 0x5f, 0x31, 0x2f, 0x6d, 0x61, 0x78, 0x5f, 0x70,
  0x6f, 0x6f, 0x6c, 0x69, 0x6e, 0x67, 0x31, 0x64, 0x5f, 0x31, 0x2f, 0x4d,
  0x61, 0x78, 0x50, 0x6f, 0x6f, 0x6c, 0x31, 0x64, 0x2f, 0x45, 0x78, 0x70,
  0x61, 0x6e, 0x64, 0x44, 0x69, 0x6d, 0x73, 0x00, 0x04, 0x00, 0x00, 0x00,
  0x01, 0x00, 0x00, 0x00, 0x01, 0x00, 0x00, 0x00, 0x96, 0x00, 0x00, 0x00,
  0x20, 0x00, 0x00, 0x00, 0xea, 0xe8, 0xff, 0xff, 0x00, 0x00, 0x00, 0x01,
  0x18, 0x00, 0x00, 0x00, 0x24, 0x00, 0x00, 0x00, 0x44, 0x00, 0x00, 0x00,
  0x15, 0x00, 0x00, 0x00, 0x00, 0x00, 0x00, 0x09, 0xa0, 0x01, 0x00, 0x00,
  0x03, 0x00, 0x00, 0x00, 0xff, 0xff, 0xff, 0xff, 0x96, 0x00, 0x00, 0x00,
  0x20, 0x00, 0x00, 0x00, 0xd4, 0xe8, 0xff, 0xff, 0x08, 0x00, 0x00, 0x00,
  0x14, 0x00, 0x00, 0x00, 0x01, 0x00, 0x00, 0x00, 0x89, 0xff, 0xff, 0xff,
  0xff, 0xff, 0xff, 0xff, 0x00, 0x00, 0x00, 0x00, 0x01, 0x00, 0x00, 0x00,
  0x37, 0x49, 0x28, 0x3d, 0x61, 0x01, 0x00, 0x00, 0x73, 0x65, 0x71, 0x75,
  0x65, 0x6e, 0x74, 0x69, 0x61, 0x6c, 0x5f, 0x31, 0x5f, 0x31, 0x2f, 0x62,
  0x61, 0x74, 0x63, 0x68, 0x5f, 0x6e, 0x6f, 0x72, 0x6d, 0x61, 0x6c, 0x69,
  0x7a, 0x61, 0x74, 0x69, 0x6f, 0x6e, 0x5f, 0x31, 0x2f, 0x62, 0x61, 0x74,
  0x63, 0x68, 0x6e, 0x6f, 0x72, 0x6d, 0x2f, 0x61, 0x64, 0x64, 0x5f, 0x31,
  0x3b, 0x73, 0x65, 0x71, 0x75, 0x65, 0x6e, 0x74, 0x69, 0x61, 0x6c, 0x5f,
  0x31, 0x5f, 0x31, 0x2f, 0x63, 0x6f, 0x6e, 0x76, 0x31, 0x64, 0x5f, 0x31,
  0x5f, 0x31, 0x2f, 0x63, 0x6f, 0x6e, 0x76, 0x6f, 0x6c, 0x75, 0x74, 0x69,
  0x6f, 0x6e, 0x2f, 0x53, 0x71, 0x75, 0x65, 0x65, 0x7a, 0x65, 0x3b, 0x73,
  0x65, 0x71, 0x75, 0x65, 0x6e, 0x74, 0x69, 0x61, 0x6c, 0x5f, 0x31, 0x5f,
  0x31, 0x2f, 0x62, 0x61, 0x74, 0x63, 0x68, 0x5f, 0x6e, 0x6f, 0x72, 0x6d,
  0x61, 0x6c, 0x69, 0x7a, 0x61, 0x74, 0x69, 0x6f, 0x6e, 0x5f, 0x31, 0x2f,
  0x62, 0x61, 0x74, 0x63, 0x68, 0x6e, 0x6f, 0x72, 0x6d, 0x2f, 0x6d, 0x75,
  0x6c, 0x5f, 0x31, 0x3b, 0x73, 0x65, 0x71, 0x75, 0x65, 0x6e, 0x74, 0x69,
  0x61, 0x6c, 0x5f, 0x31, 0x5f, 0x31, 0x2f, 0x63, 0x6f, 0x6e, 0x76, 0x31,
  0x64, 0x5f, 0x31, 0x5f, 0x31, 0x2f, 0x52, 0x65, 0x6c, 0x75, 0x3b, 0x73,
  0x65, 0x71, 0x75, 0x65, 0x6e, 0x74, 0x69, 0x61, 0x6c, 0x5f, 0x31, 0x5f,
  0x31, 0x2f, 0x63, 0x6f, 0x6e, 0x76, 0x31, 0x64, 0x5f, 0x31, 0x5f, 0x31,
  0x2f, 0x42, 0x69, 0x61, 0x73, 0x41, 0x64, 0x64, 0x3b, 0x73, 0x65, 0x71,
  0x75, 0x65, 0x6e, 0x74, 0x69, 0x61, 0x6c, 0x5f, 0x31, 0x5f, 0x31, 0x2f,
  0x63, 0x6f, 0x6e, 0x76, 0x31, 0x64, 0x5f, 0x31, 0x5f, 0x31, 0x2f, 0x53,
  0x71, 0x75, 0x65, 0x65, 0x7a, 0x65, 0x3b, 0x73, 0x65, 0x71, 0x75, 0x65,
  0x6e, 0x74, 0x69, 0x61, 0x6c, 0x5f, 0x31, 0x5f, 0x31, 0x2f, 0x62, 0x61,
  0x74, 0x63, 0x68, 0x5f, 0x6e, 0x6f, 0x72, 0x6d, 0x61, 0x6c, 0x69, 0x7a,
  0x61, 0x74, 0x69, 0x6f, 0x6e, 0x5f, 0x31, 0x2f, 0x62, 0x61, 0x74, 0x63,
  0x68, 0x6e, 0x6f, 0x72, 0x6d, 0x2f, 0x6d, 0x75, 0x6c, 0x3b, 0x73, 0x65,
  0x71, 0x75, 0x65, 0x6e, 0x74, 0x69, 0x61, 0x6c, 0x5f, 0x31, 0x5f, 0x31,
  0x2f, 0x62, 0x61, 0x74, 0x63, 0x68, 0x5f, 0x6e, 0x6f, 0x72, 0x6d, 0x61,
  0x6c, 0x69, 0x7a, 0x61, 0x74, 0x69, 0x6f, 0x6e, 0x5f, 0x31, 0x2f, 0x62,
  0x61, 0x74, 0x63, 0x68, 0x6e, 0x6f, 0x72, 0x6d, 0x2f, 0x73, 0x75, 0x62,
  0x31, 0x00, 0x00, 0x00, 0x03, 0x00, 0x00, 0x00, 0x01, 0x00, 0x00, 0x00,
  0x96, 0x00, 0x00, 0x00, 0x20, 0x00, 0x00, 0x00, 0xb6, 0xea, 0xff, 0xff,
  0x00, 0x00, 0x00, 0x01, 0x18, 0x00, 0x00, 0x00, 0x28, 0x00, 0x00, 0x00,
  0x44, 0x00, 0x00, 0x00, 0x14, 0x00, 0x00, 0x00, 0x00, 0x00, 0x00, 0x09,
  0xa0, 0x01, 0x00, 0x00, 0x04, 0x00, 0x00, 0x00, 0xff, 0xff, 0xff, 0xff,
  0x01, 0x00, 0x00, 0x00, 0x96, 0x00, 0x00, 0x00, 0x20, 0x00, 0x00, 0x00,
  0xa4, 0xea, 0xff, 0xff, 0x08, 0x00, 0x00, 0x00, 0x10, 0x00, 0x00, 0x00,
  0x01, 0x00, 0x00, 0x00, 0x89, 0xff, 0xff, 0xff, 0xff, 0xff, 0xff, 0xff,
  0x01, 0x00, 0x00, 0x00, 0x37, 0x49, 0x28, 0x3d, 0x60, 0x01, 0x00, 0x00,
  0x73, 0x65, 0x71, 0x75, 0x65, 0x6e, 0x74, 0x69, 0x61, 0x6c, 0x5f, 0x31,
  0x5f, 0x31, 0x2f, 0x62, 0x61, 0x74, 0x63, 0x68, 0x5f, 0x6e, 0x6f, 0x72,
  0x6d, 0x61, 0x6c, 0x69, 0x7a, 0x61, 0x74, 0x69, 0x6f, 0x6e, 0x5f, 0x31,
  0x2f, 0x62, 0x61, 0x74, 0x63, 0x68, 0x6e, 0x6f, 0x72, 0x6d, 0x2f, 0x61,
  0x64, 0x64, 0x5f, 0x31, 0x3b, 0x73, 0x65, 0x71, 0x75, 0x65, 0x6e, 0x74,
  0x69, 0x61, 0x6c, 0x5f, 0x31, 0x5f, 0x31, 0x2f, 0x63, 0x6f, 0x6e, 0x76,
  0x31, 0x64, 0x5f, 0x31, 0x5f, 0x31, 0x2f, 0x63, 0x6f, 0x6e, 0x76, 0x6f,
  0x6c, 0x75, 0x74, 0x69, 0x6f, 0x6e, 0x2f, 0x53, 0x71, 0x75, 0x65, 0x65,
  0x7a, 0x65, 0x3b, 0x73, 0x65, 0x71, 0x75, 0x65, 0x6e, 0x74, 0x69, 0x61,
  0x6c, 0x5f, 0x31, 0x5f, 0x31, 0x2f, 0x62, 0x61, 0x74, 0x63, 0x68, 0x5f,
  0x6e, 0x6f, 0x72, 0x6d, 0x61, 0x6c, 0x69, 0x7a, 0x61, 0x74, 0x69, 0x6f,
  0x6e, 0x5f, 0x31, 0x2f, 0x62, 0x61, 0x74, 0x63, 0x68, 0x6e, 0x6f, 0x72,
  0x6d, 0x2f, 0x6d, 0x75, 0x6c, 0x5f, 0x31, 0x3b, 0x73, 0x65, 0x71, 0x75,
  0x65, 0x6e, 0x74, 0x69, 0x61, 0x6c, 0x5f, 0x31, 0x5f, 0x31, 0x2f, 0x63,
  0x6f, 0x6e, 0x76, 0x31, 0x64, 0x5f, 0x31, 0x5f, 0x31, 0x2f, 0x52, 0x65,
  0x6c, 0x75, 0x3b, 0x73, 0x65, 0x71, 0x75, 0x65, 0x6e, 0x74, 0x69, 0x61,
  0x6c, 0x5f, 0x31, 0x5f, 0x31, 0x2f, 0x63, 0x6f, 0x6e, 0x76, 0x31, 0x64,
  0x5f, 0x31, 0x5f, 0x31, 0x2f, 0x42, 0x69, 0x61, 0x73, 0x41, 0x64, 0x64,
  0x3b, 0x73, 0x65, 0x71, 0x75, 0x65, 0x6e, 0x74, 0x69, 0x61, 0x6c, 0x5f,
  0x31, 0x5f, 0x31, 0x2f, 0x63, 0x6f, 0x6e, 0x76, 0x31, 0x64, 0x5f, 0x31,
  0x5f, 0x31, 0x2f, 0x53, 0x71, 0x75, 0x65, 0x65, 0x7a, 0x65, 0x3b, 0x73,
  0x65, 0x71, 0x75, 0x65, 0x6e, 0x74, 0x69, 0x61, 0x6c, 0x5f, 0x31, 0x5f,
  0x31, 0x2f, 0x62, 0x61, 0x74, 0x63, 0x68, 0x5f, 0x6e, 0x6f, 0x72, 0x6d,
  0x61, 0x6c, 0x69, 0x7a, 0x61, 0x74, 0x69, 0x6f, 0x6e, 0x5f, 0x31, 0x2f,
  0x62, 0x61, 0x74, 0x63, 0x68, 0x6e, 0x6f, 0x72, 0x6d, 0x2f, 0x6d, 0x75,
  0x6c, 0x3b, 0x73, 0x65, 0x71, 0x75, 0x65, 0x6e, 0x74, 0x69, 0x61, 0x6c,
  0x5f, 0x31, 0x5f, 0x31, 0x2f, 0x62, 0x61, 0x74, 0x63, 0x68, 0x5f, 0x6e,
  0x6f, 0x72, 0x6d, 0x61, 0x6c, 0x69, 0x7a, 0x61, 0x74, 0x69, 0x6f, 0x6e,
  0x5f, 0x31, 0x2f, 0x62, 0x61, 0x74, 0x63, 0x68, 0x6e, 0x6f, 0x72, 0x6d,
  0x2f, 0x73, 0x75, 0x62, 0x00, 0x00, 0x00, 0x00, 0x04, 0x00, 0x00, 0x00,
  0x01, 0x00, 0x00, 0x00, 0x01, 0x00, 0x00, 0x00, 0x96, 0x00, 0x00, 0x00,
  0x20, 0x00, 0x00, 0x00, 0x86, 0xec, 0xff, 0xff, 0x00, 0x00, 0x00, 0x01,
  0x18, 0x00, 0x00, 0x00, 0x28, 0x00, 0x00, 0x00, 0x44, 0x00, 0x00, 0x00,
  0x13, 0x00, 0x00, 0x00, 0x00, 0x00, 0x00, 0x09, 0x38, 0x01, 0x00, 0x00,
  0x04, 0x00, 0x00, 0x00, 0xff, 0xff, 0xff, 0xff, 0x01, 0x00, 0x00, 0x00,
  0x96, 0x00, 0x00, 0x00, 0x20, 0x00, 0x00, 0x00, 0x74, 0xec, 0xff, 0xff,
  0x08, 0x00, 0x00, 0x00, 0x10, 0x00, 0x00, 0x00, 0x01, 0x00, 0x00, 0x00,
  0x89, 0xff, 0xff, 0xff, 0xff, 0xff, 0xff, 0xff, 0x01, 0x00, 0x00, 0x00,
  0xd2, 0x0f, 0x2c, 0x3d, 0xf8, 0x00, 0x00, 0x00, 0x73, 0x65, 0x71, 0x75,
  0x65, 0x6e, 0x74, 0x69, 0x61, 0x6c, 0x5f, 0x31, 0x5f, 0x31, 0x2f, 0x62,
  0x61, 0x74, 0x63, 0x68, 0x5f, 0x6e, 0x6f, 0x72, 0x6d, 0x61, 0x6c, 0x69,
  0x7a, 0x61, 0x74, 0x69, 0x6f, 0x6e, 0x5f, 0x31, 0x2f, 0x62, 0x61, 0x74,
  0x63, 0x68, 0x6e, 0x6f, 0x72, 0x6d, 0x2f, 0x6d, 0x75, 0x6c, 0x5f, 0x31,
  0x3b, 0x73, 0x65, 0x71, 0x75, 0x65, 0x6e, 0x74, 0x69, 0x61, 0x6c, 0x5f,
  0x31, 0x5f, 0x31, 0x2f, 0x63, 0x6f, 0x6e, 0x76, 0x31, 0x64, 0x5f, 0x31,
  0x5f, 0x31, 0x2f, 0x63, 0x6f, 0x6e, 0x76, 0x6f, 0x6c, 0x75, 0x74, 0x69,
  0x6f, 0x6e, 0x2f, 0x53, 0x71, 0x75, 0x65, 0x65, 0x7a, 0x65, 0x3b, 0x73,
  0x65, 0x71, 0x75, 0x65, 0x6e, 0x74, 0x69, 0x61, 0x6c, 0x5f, 0x31, 0x5f,
  0x31, 0x2f, 0x63, 0x6f, 0x6e, 0x76, 0x31, 0x64, 0x5f, 0x31, 0x5f, 0x31,
  0x2f, 0x52, 0x65, 0x6c, 0x75, 0x3b, 0x73, 0x65, 0x71, 0x75, 0x65, 0x6e,
  0x74, 0x69, 0x61, 0x6c, 0x5f, 0x31, 0x5f, 0x31, 0x2f, 0x63, 0x6f, 0x6e,
  0x76, 0x31, 0x64, 0x5f, 0x31, 0x5f, 0x31, 0x2f, 0x42, 0x69, 0x61, 0x73,
  0x41, 0x64, 0x64, 0x3b, 0x73, 0x65, 0x71, 0x75, 0x65, 0x6e, 0x74, 0x69,
  0x61, 0x6c, 0x5f, 0x31, 0x5f, 0x31, 0x2f, 0x63, 0x6f, 0x6e, 0x76, 0x31,
  0x64, 0x5f, 0x31, 0x5f, 0x31, 0x2f, 0x53, 0x71, 0x75, 0x65, 0x65, 0x7a,
  0x65, 0x3b, 0x73, 0x65, 0x71, 0x75, 0x65, 0x6e, 0x74, 0x69, 0x61, 0x6c,
  0x5f, 0x31, 0x5f, 0x31, 0x2f, 0x62, 0x61, 0x74, 0x63, 0x68, 0x5f, 0x6e,
  0x6f, 0x72, 0x6d, 0x61, 0x6c, 0x69, 0x7a, 0x61, 0x74, 0x69, 0x6f, 0x6e,
  0x5f, 0x31, 0x2f, 0x62, 0x61, 0x74, 0x63, 0x68, 0x6e, 0x6f, 0x72, 0x6d,
  0x2f, 0x6d, 0x75, 0x6c, 0x00, 0x00, 0x00, 0x00, 0x04, 0x00, 0x00, 0x00,
  0x01, 0x00, 0x00, 0x00, 0x01, 0x00, 0x00, 0x00, 0x96, 0x00, 0x00, 0x00,
  0x20, 0x00, 0x00, 0x00, 0xee, 0xed, 0xff, 0xff, 0x00, 0x00, 0x00, 0x01,
  0x18, 0x00, 0x00, 0x00, 0x28, 0x00, 0x00, 0x00, 0x48, 0x00, 0x00, 0x00,
  0x12, 0x00, 0x00, 0x00, 0x00, 0x00, 0x00, 0x09, 0xf8, 0x00, 0x00, 0x00,
  0x04, 0x00, 0x00, 0x00, 0xff, 0xff, 0xff, 0xff, 0x01, 0x00, 0x00, 0x00,
  0x96, 0x00, 0x00, 0x00, 0x20, 0x00, 0x00, 0x00, 0xdc, 0xed, 0xff, 0xff,
  0x08, 0x00, 0x00, 0x00, 0x14, 0x00, 0x00, 0x00, 0x01, 0x00, 0x00, 0x00,
  0x80, 0xff, 0xff, 0xff, 0xff, 0xff, 0xff, 0xff, 0x00, 0x00, 0x00, 0x00,
  0x01, 0x00, 0x00, 0x00, 0x23, 0x15, 0x26, 0x3d, 0xb7, 0x00, 0x00, 0x00,
  0x73, 0x65, 0x71, 0x75, 0x65, 0x6e, 0x74, 0x69, 0x61, 0x6c, 0x5f, 0x31,
  0x5f, 0x31, 0x2f, 0x63, 0x6f, 0x6e, 0x76, 0x31, 0x64, 0x5f, 0x31, 0x5f,
  0x31, 0x2f, 0x52, 0x65, 0x6c, 0x75, 0x3b, 0x73, 0x65, 0x71, 0x75, 0x65,
  0x6e, 0x74, 0x69, 0x61, 0x6c, 0x5f, 0x31, 0x5f, 0x31, 0x2f, 0x63, 0x6f,
  0x6e, 0x76, 0x31, 0x64, 0x5f, 0x31, 0x5f, 0x31, 0x2f, 0x42, 0x69, 0x61,
  0x73, 0x41, 0x64, 0x64, 0x3b, 0x73, 0x65, 0x71, 0x75, 0x65, 0x6e, 0x74,
  0x69, 0x61, 0x6c, 0x5f, 0x31, 0x5f, 0x31, 0x2f, 0x63, 0x6f, 0x6e, 0x76,
  0x31, 0x64, 0x5f, 0x31, 0x5f, 0x31, 0x2f, 0x63, 0x6f, 0x6e, 0x76, 0x6f,
  0x6c, 0x75, 0x74, 0x69, 0x6f, 0x6e, 0x2f, 0x53, 0x71, 0x75, 0x65, 0x65,
  0x7a, 0x65, 0x3b, 0x73, 0x65, 0x71, 0x75, 0x65, 0x6e, 0x74, 0x69, 0x61,
  0x6c, 0x5f, 0x31, 0x5f, 0x31, 0x2f, 0x63, 0x6f, 0x6e, 0x76, 0x31, 0x64,
  0x5f, 0x31, 0x5f, 0x31, 0x2f, 0x53, 0x71, 0x75, 0x65, 0x65, 0x7a, 0x65,
  0x3b, 0x73, 0x65, 0x71, 0x75, 0x65, 0x6e, 0x74, 0x69, 0x61, 0x6c, 0x5f,
  0x31, 0x5f, 0x31, 0x2f, 0x63, 0x6f, 0x6e, 0x76, 0x31, 0x64, 0x5f, 0x31,
  0x5f, 0x31, 0x2f, 0x63, 0x6f, 0x6e, 0x76, 0x6f, 0x6c, 0x75, 0x74, 0x69,
  0x6f, 0x6e, 0x31, 0x00, 0x04, 0x00, 0x00, 0x00, 0x01, 0x00, 0x00, 0x00,
  0x01, 0x00, 0x00, 0x00, 0x96, 0x00, 0x00, 0x00, 0x20, 0x00, 0x00, 0x00,
  0x16, 0xef, 0xff, 0xff, 0x00, 0x00, 0x00, 0x01, 0x18, 0x00, 0x00, 0x00,
  0x28, 0x00, 0x00, 0x00, 0x44, 0x00, 0x00, 0x00, 0x11, 0x00, 0x00, 0x00,
  0x00, 0x00, 0x00, 0x09, 0x70, 0x00, 0x00, 0x00, 0x04, 0x00, 0x00, 0x00,
  0xff, 0xff, 0xff, 0xff, 0x01, 0x00, 0x00, 0x00, 0x96, 0x00, 0x00, 0x00,
  0x08, 0x00, 0x00, 0x00, 0x04, 0xef, 0xff, 0xff, 0x08, 0x00, 0x00, 0x00,
  0x10, 0x00, 0x00, 0x00, 0x01, 0x00, 0x00, 0x00, 0xe6, 0xff, 0xff, 0xff,
  0xff, 0xff, 0xff, 0xff, 0x01, 0x00, 0x00, 0x00, 0x31, 0x95, 0xcd, 0x3d,
  0x30, 0x00, 0x00, 0x00, 0x73, 0x65, 0x71, 0x75, 0x65, 0x6e, 0x74, 0x69,
  0x61, 0x6c, 0x5f, 0x31, 0x5f, 0x31, 0x2f, 0x63, 0x6f, 0x6e, 0x76, 0x31,
  0x64, 0x5f, 0x31, 0x5f, 0x31, 0x2f, 0x63, 0x6f, 0x6e, 0x76, 0x6f, 0x6c,
  0x75, 0x74, 0x69, 0x6f, 0x6e, 0x2f, 0x45, 0x78, 0x70, 0x61, 0x6e, 0x64,
  0x44, 0x69, 0x6d, 0x73, 0x00, 0x00, 0x00, 0x00, 0x04, 0x00, 0x00, 0x00,
  0x01, 0x00, 0x00, 0x00, 0x01, 0x00, 0x00, 0x00, 0x96, 0x00, 0x00, 0x00,
  0x08, 0x00, 0x00, 0x00, 0x0a, 0xf0, 0xff, 0xff, 0x00, 0x00, 0x00, 0x01,
  0x14, 0x00, 0x00, 0x00, 0xa4, 0x01, 0x00, 0x00, 0x10, 0x00, 0x00, 0x00,
  0x00, 0x00, 0x00, 0x09, 0xc4, 0x01, 0x00, 0x00, 0x8c, 0xef, 0xff, 0xff,
  0x08, 0x00, 0x00, 0x00, 0x08, 0x01, 0x00, 0x00, 0x20, 0x00, 0x00, 0x00,
  0x00, 0x00, 0x00, 0x00, 0x00, 0x00, 0x00, 0x00, 0x00, 0x00, 0x00, 0x00,
  0x00, 0x00, 0x00, 0x00, 0x00, 0x00, 0x00, 0x00, 0x00, 0x00, 0x00, 0x00,
  0x00, 0x00, 0x00, 0x00, 0x00, 0x00, 0x00, 0x00, 0x00, 0x00, 0x00, 0x00,
  0x00, 0x00, 0x00, 0x00, 0x00, 0x00, 0x00, 0x00, 0x00, 0x00, 0x00, 0x00,
  0x00, 0x00, 0x00, 0x00, 0x00, 0x00, 0x00, 0x00, 0x00, 0x00, 0x00, 0x00,
  0x00, 0x00, 0x00, 0x00, 0x00, 0x00, 0x00, 0x00, 0x00, 0x00, 0x00, 0x00,
  0x00, 0x00, 0x00, 0x00, 0x00, 0x00, 0x00, 0x00, 0x00, 0x00, 0x00, 0x00,
  0x00, 0x00, 0x00, 0x00, 0x00, 0x00, 0x00, 0x00, 0x00, 0x00, 0x00, 0x00,
  0x00, 0x00, 0x00, 0x00, 0x00, 0x00, 0x00, 0x00, 0x00, 0x00, 0x00, 0x00,
  0x00, 0x00, 0x00, 0x00, 0x00, 0x00, 0x00, 0x00, 0x00, 0x00, 0x00, 0x00,
  0x00, 0x00, 0x00, 0x00, 0x00, 0x00, 0x00, 0x00, 0x00, 0x00, 0x00, 0x00,
  0x00, 0x00, 0x00, 0x00, 0x00, 0x00, 0x00, 0x00, 0x00, 0x00, 0x00, 0x00,
  0x00, 0x00, 0x00, 0x00, 0x00, 0x00, 0x00, 0x00, 0x00, 0x00, 0x00, 0x00,
  0x00, 0x00, 0x00, 0x00, 0x00, 0x00, 0x00, 0x00, 0x00, 0x00, 0x00, 0x00,
  0x00, 0x00, 0x00, 0x00, 0x00, 0x00, 0x00, 0x00, 0x00, 0x00, 0x00, 0x00,
  0x00, 0x00, 0x00, 0x00, 0x00, 0x00, 0x00, 0x00, 0x00, 0x00, 0x00, 0x00,
  0x00, 0x00, 0x00, 0x00, 0x00, 0x00, 0x00, 0x00, 0x00, 0x00, 0x00, 0x00,
  0x00, 0x00, 0x00, 0x00, 0x00, 0x00, 0x00, 0x00, 0x00, 0x00, 0x00, 0x00,
  0x00, 0x00, 0x00, 0x00, 0x00, 0x00, 0x00, 0x00, 0x00, 0x00, 0x00, 0x00,
  0x00, 0x00, 0x00, 0x00, 0x00, 0x00, 0x00, 0x00, 0x00, 0x00, 0x00, 0x00,
  0x00, 0x00, 0x00, 0x00, 0x00, 0x00, 0x00, 0x00, 0x00, 0x00, 0x00, 0x00,
  0x00, 0x00, 0x00, 0x00, 0x20, 0x00, 0x00, 0x00, 0xe8, 0x61, 0xd4, 0x3a,
  0x0c, 0x3f, 0x01, 0x3b, 0xf0, 0x51, 0x06, 0x3b, 0x19, 0x84, 0xe4, 0x3a,
  0x7d, 0xfd, 0xe1, 0x3a, 0x87, 0x08, 0xea, 0x3a, 0xef, 0x93, 0x01, 0x3b,
  0xfb, 0x40, 0xed, 0x3a, 0x64, 0x71, 0xf6, 0x3a, 0x7e, 0x9a, 0xd9, 0x3a,
  0x78, 0x5c, 0x09, 0x3b, 0x2c, 0x80, 0xfb, 0x3a, 0xd1, 0x8b, 0x02, 0x3b,
  0xfe, 0x6f, 0x05, 0x3b, 0x6b, 0xde, 0xfe, 0x3a, 0x6f, 0x5a, 0xd5, 0x3a,
  0x02, 0xbf, 0xf4, 0x3a, 0x2b, 0xd1, 0xed, 0x3a, 0xcb, 0x51, 0xeb, 0x3a,
  0x5e, 0x28, 0xf7, 0x3a, 0xdb, 0x3d, 0xfa, 0x3a, 0xa1, 0xe7, 0x07, 0x3b,
  0x7a, 0xce, 0x05, 0x3b, 0xa6, 0x55, 0x09, 0x3b, 0x17, 0xf9, 0xe1, 0x3a,
  0x7b, 0x6e, 0x0d, 0x3b, 0x67, 0x57, 0xe9, 0x3a, 0xbf, 0xfb, 0xec, 0x3a,
  0x80, 0x3c, 0xc5, 0x3a, 0xaf, 0xf0, 0xf1, 0x3a, 0xf6, 0x83, 0xf4, 0x3a,
  0x98, 0xcb, 0xf7, 0x3a, 0x25, 0x00, 0x00, 0x00, 0x73, 0x65, 0x71, 0x75,
  0x65, 0x6e, 0x74, 0x69, 0x61, 0x6c, 0x5f, 0x31, 0x5f, 0x31, 0x2f, 0x63,
  0x6f, 0x6e, 0x76, 0x31, 0x64, 0x5f, 0x31, 0x5f, 0x31, 0x2f, 0x63, 0x6f,
  0x6e, 0x76, 0x6f, 0x6c, 0x75, 0x74, 0x69, 0x6f, 0x6e, 0x00, 0x00, 0x00,
  0x04, 0x00, 0x00, 0x00, 0x20, 0x00, 0x00, 0x00, 0x01, 0x00, 0x00, 0x00,
  0x03, 0x00, 0x00, 0x00, 0x08, 0x00, 0x00, 0x00, 0xfa, 0xf1, 0xff, 0xff,
  0x00, 0x00, 0x00, 0x01, 0x14, 0x00, 0x00, 0x00, 0xa8, 0x01, 0x00, 0x00,
  0x0f, 0x00, 0x00, 0x00, 0x00, 0x00, 0x00, 0x02, 0x58, 0x02, 0x00, 0x00,
  0x7c, 0xf1, 0xff, 0xff, 0x08, 0x00, 0x00, 0x00, 0x0c, 0x01, 0x00, 0x00,
  0x20, 0x00, 0x00, 0x00, 0x00, 0x00, 0x00, 0x00, 0x00, 0x00, 0x00, 0x00,
  0x00, 0x00, 0x00, 0x00, 0x00, 0x00, 0x00, 0x00, 0x00, 0x00, 0x00, 0x00,
  0x00, 0x00, 0x00, 0x00, 0x00, 0x00, 0x00, 0x00, 0x00, 0x00, 0x00, 0x00,
  0x00, 0x00, 0x00, 0x00, 0x00, 0x00, 0x00, 0x00, 0x00, 0x00, 0x00, 0x00,
  0x00, 0x00, 0x00, 0x00, 0x00, 0x00, 0x00, 0x00, 0x00, 0x00, 0x00, 0x00,
  0x00, 0x00, 0x00, 0x00, 0x00, 0x00, 0x00, 0x00, 0x00, 0x00, 0x00, 0x00,
  0x00, 0x00, 0x00, 0x00, 0x00, 0x00, 0x00, 0x00, 0x00, 0x00, 0x00, 0x00,
  0x00, 0x00, 0x00, 0x00, 0x00, 0x00, 0x00, 0x00, 0x00, 0x00, 0x00, 0x00,
  0x00, 0x00, 0x00, 0x00, 0x00, 0x00, 0x00, 0x00, 0x00, 0x00, 0x00, 0x00,
  0x00, 0x00, 0x00, 0x00, 0x00, 0x00, 0x00, 0x00, 0x00, 0x00, 0x00, 0x00,
  0x00, 0x00, 0x00, 0x00, 0x00, 0x00, 0x00, 0x00, 0x00, 0x00, 0x00, 0x00,
  0x00, 0x00, 0x00, 0x00, 0x00, 0x00, 0x00, 0x00, 0x00, 0x00, 0x00, 0x00,
  0x00, 0x00, 0x00, 0x00, 0x00, 0x00, 0x00, 0x00, 0x00, 0x00, 0x00, 0x00,
  0x00, 0x00, 0x00, 0x00, 0x00, 0x00, 0x00, 0x00, 0x00, 0x00, 0x00, 0x00,
  0x00, 0x00, 0x00, 0x00, 0x00, 0x00, 0x00, 0x00, 0x00, 0x00, 0x00, 0x00,
  0x00, 0x00, 0x00, 0x00, 0x00, 0x00, 0x00, 0x00, 0x00, 0x00, 0x00, 0x00,
  0x00, 0x00, 0x00, 0x00, 0x00, 0x00, 0x00, 0x00, 0x00, 0x00, 0x00, 0x00,
  0x00, 0x00, 0x00, 0x00, 0x00, 0x00, 0x00, 0x00, 0x00, 0x00, 0x00, 0x00,
  0x00, 0x00, 0x00, 0x00, 0x00, 0x00, 0x00, 0x00, 0x00, 0x00, 0x00, 0x00,
  0x00, 0x00, 0x00, 0x00, 0x00, 0x00, 0x00, 0x00, 0x00, 0x00, 0x00, 0x00,
  0x00, 0x00, 0x00, 0x00, 0x00, 0x00, 0x00, 0x00, 0x00, 0x00, 0x00, 0x00,
  0x00, 0x00, 0x00, 0x00, 0x00, 0x00, 0x00, 0x00, 0x00, 0x00, 0x00, 0x00,
  0x20, 0x00, 0x00, 0x00, 0x2c, 0x8e, 0x2a, 0x39, 0x9e, 0x95, 0x4f, 0x39,
  0xc9, 0xbb, 0x57, 0x39, 0xf5, 0x82, 0x37, 0x39, 0xb1, 0x7b, 0x35, 0x39,
  0x38, 0xf1, 0x3b, 0x39, 0xf5, 0x1d, 0x50, 0x39, 0x4d, 0x87, 0x3e, 0x39,
  0x6c, 0xe8, 0x45, 0x39, 0x87, 0xbf, 0x2e, 0x39, 0x32, 0x9e, 0x5c, 0x39,
  0x35, 0xf8, 0x49, 0x39, 0x15, 0xac, 0x51, 0x39, 0xe4, 0x50, 0x56, 0x39,
  0xa4, 0xac, 0x4c, 0x39, 0xc1, 0x55, 0x2b, 0x39, 0x97, 0x8b, 0x44, 0x39,
  0x18, 0xfb, 0x3e, 0x39, 0xa3, 0xf9, 0x3c, 0x39, 0x5d, 0x7b, 0x46, 0x39,
  0x5e, 0xf5, 0x48, 0x39, 0x60, 0x47, 0x5a, 0x39, 0xa5, 0xe8, 0x56, 0x39,
  0x3e, 0x93, 0x5c, 0x39, 0x29, 0x78, 0x35, 0x39, 0xca, 0x27, 0x63, 0x39,
  0xfa, 0x62, 0x3b, 0x39, 0xb4, 0x4f, 0x3e, 0x39, 0x64, 0x64, 0x1e, 0x39,
  0xbc, 0x4a, 0x42, 0x39, 0x2c, 0x5c, 0x44, 0x39, 0x72, 0xfe, 0x46, 0x39,
  0xb6, 0x00, 0x00, 0x00, 0x73, 0x65, 0x71, 0x75, 0x65, 0x6e, 0x74, 0x69,
  0x61, 0x6c, 0x5f, 0x31, 0x5f, 0x31, 0x2f, 0x63, 0x6f, 0x6e, 0x76, 0x31,
  0x64, 0x5f, 0x31, 0x5f, 0x31, 0x2f, 0x52, 0x65, 0x6c, 0x75, 0x3b, 0x73,
  0x65, 0x71, 0x75, 0x65, 0x6e, 0x74, 0x69, 0x61, 0x6c, 0x5f, 0x31, 0x5f,
  0x31, 0x2f, 0x63, 0x6f, 0x6e, 0x76, 0x31, 0x64, 0x5f, 0x31, 0x5f, 0x31,
  0x2f, 0x42, 0x69, 0x61, 0x73, 0x41, 0x64, 0x64, 0x3b, 0x73, 0x65, 0x71,
  0x75, 0x65, 0x6e, 0x74, 0x69, 0x61, 0x6c, 0x5f, 0x31, 0x5f, 0x31, 0x2f,
  0x63, 0x6f, 0x6e, 0x76, 0x31, 0x64, 0x5f, 0x31, 0x5f, 0x31, 0x2f, 0x63,
  0x6f, 0x6e, 0x76, 0x6f, 0x6c, 0x75, 0x74, 0x69, 0x6f, 0x6e, 0x2f, 0x53,
  0x71, 0x75, 0x65, 0x65, 0x7a, 0x65, 0x3b, 0x73, 0x65, 0x71, 0x75, 0x65,
  0x6e, 0x74, 0x69, 0x61, 0x6c, 0x5f, 0x31, 0x5f, 0x31, 0x2f, 0x63, 0x6f,
  0x6e, 0x76, 0x31, 0x64, 0x5f, 0x31, 0x5f, 0x31, 0x2f, 0x53, 0x71, 0x75,
  0x65, 0x65, 0x7a, 0x65, 0x3b, 0x73, 0x65, 0x71, 0x75, 0x65, 0x6e, 0x74,
  0x69, 0x61, 0x6c, 0x5f, 0x31, 0x5f, 0x31, 0x2f, 0x63, 0x6f, 0x6e, 0x76,
  0x31, 0x64, 0x5f, 0x31, 0x5f, 0x31, 0x2f, 0x63, 0x6f, 0x6e, 0x76, 0x6f,
  0x6c, 0x75, 0x74, 0x69, 0x6f, 0x6e, 0x00, 0x00, 0x01, 0x00, 0x00, 0x00,
  0x20, 0x00, 0x00, 0x00, 0x72, 0xf4, 0xff, 0xff, 0x00, 0x00, 0x00, 0x01,
  0x14, 0x00, 0x00, 0x00, 0x34, 0x00, 0x00, 0x00, 0x0e, 0x00, 0x00, 0x00,
  0x00, 0x00, 0x00, 0x09, 0x60, 0x00, 0x00, 0x00, 0xf4, 0xf3, 0xff, 0xff,
  0x08, 0x00, 0x00, 0x00, 0x14, 0x00, 0x00, 0x00, 0x01, 0x00, 0x00, 0x00,
  0x80, 0xff, 0xff, 0xff, 0xff, 0xff, 0xff, 0xff, 0x00, 0x00, 0x00, 0x00,
  0x01, 0x00, 0x00, 0x00, 0x22, 0x25, 0xea, 0x3b, 0x32, 0x00, 0x00, 0x00,
  0x73, 0x65, 0x71, 0x75, 0x65, 0x6e, 0x74, 0x69, 0x61, 0x6c, 0x5f, 0x31,
  0x5f, 0x31, 0x2f, 0x62, 0x61, 0x74, 0x63, 0x68, 0x5f, 0x6e, 0x6f, 0x72,
  0x6d, 0x61, 0x6c, 0x69, 0x7a, 0x61, 0x74, 0x69, 0x6f, 0x6e, 0x5f, 0x31,
  0x2f, 0x62, 0x61, 0x74, 0x63, 0x68, 0x6e, 0x6f, 0x72, 0x6d, 0x2f, 0x6d,
  0x75, 0x6c, 0x00, 0x00, 0x01, 0x00, 0x00, 0x00, 0x20, 0x00, 0x00, 0x00,
  0xf2, 0xf4, 0xff, 0xff, 0x00, 0x00, 0x00, 0x01, 0x14, 0x00, 0x00, 0x00,
  0x34, 0x00, 0x00, 0x00, 0x0d, 0x00, 0x00, 0x00, 0x00, 0x00, 0x00, 0x09,
  0x60, 0x00, 0x00, 0x00, 0x74, 0xf4, 0xff, 0xff, 0x08, 0x00, 0x00, 0x00,
  0x14, 0x00, 0x00, 0x00, 0x01, 0x00, 0x00, 0x00, 0x7f, 0x00, 0x00, 0x00,
  0x00, 0x00, 0x00, 0x00, 0x00, 0x00, 0x00, 0x00, 0x01, 0x00, 0x00, 0x00,
  0xca, 0x55, 0xbf, 0x3a, 0x32, 0x00, 0x00, 0x00, 0x73, 0x65, 0x71, 0x75,
  0x65, 0x6e, 0x74, 0x69, 0x61, 0x6c, 0x5f, 0x31, 0x5f, 0x31, 0x2f, 0x62,
  0x61, 0x74, 0x63, 0x68, 0x5f, 0x6e, 0x6f, 0x72, 0x6d, 0x61, 0x6c, 0x69,
  0x7a, 0x61, 0x74, 0x69, 0x6f, 0x6e, 0x5f, 0x31, 0x2f, 0x62, 0x61, 0x74,
  0x63, 0x68, 0x6e, 0x6f, 0x72, 0x6d, 0x2f, 0x73, 0x75, 0x62, 0x00, 0x00,
  0x01, 0x00, 0x00, 0x00, 0x20, 0x00, 0x00, 0x00, 0x72, 0xf5, 0xff, 0xff,
  0x00, 0x00, 0x00, 0x01, 0x14, 0x00, 0x00, 0x00, 0x24, 0x03, 0x00, 0x00,
  0x0c, 0x00, 0x00, 0x00, 0x00, 0x00, 0x00, 0x09, 0x44, 0x03, 0x00, 0x00,
  0xf4, 0xf4, 0xff, 0xff, 0x08, 0x00, 0x00, 0x00, 0x08, 0x02, 0x00, 0x00,
  0x40, 0x00, 0x00, 0x00, 0x00, 0x00, 0x00, 0x00, 0x00, 0x00, 0x00, 0x00,
  0x00, 0x00, 0x00, 0x00, 0x00, 0x00, 0x00, 0x00, 0x00, 0x00, 0x00, 0x00,
  0x00, 0x00, 0x00, 0x00, 0x00, 0x00, 0x00, 0x00, 0x00, 0x00, 0x00, 0x00,
  0x00, 0x00, 0x00, 0x00, 0x00, 0x00, 0x00, 0x00, 0x00, 0x00, 0x00, 0x00,
  0x00, 0x00, 0x00, 0x00, 0x00, 0x00, 0x00, 0x00, 0x00, 0x00, 0x00, 0x00,
  0x00, 0x00, 0x00, 0x00, 0x00, 0x00, 0x00, 0x00, 0x00, 0x00, 0x00, 0x00,
  0x00, 0x00, 0x00, 0x00, 0x00, 0x00, 0x00, 0x00, 0x00, 0x00, 0x00, 0x00,
  0x00, 0x00, 0x00, 0x00, 0x00, 0x00, 0x00, 0x00, 0x00, 0x00, 0x00, 0x00,
  0x00, 0x00, 0x00, 0x00, 0x00, 0x00, 0x00, 0x00, 0x00, 0x00, 0x00, 0x00,
  0x00, 0x00, 0x00, 0x00, 0x00, 0x00, 0x00, 0x00, 0x00, 0x00, 0x00, 0x00,
  0x00, 0x00, 0x00, 0x00, 0x00, 0x00, 0x00, 0x00, 0x00, 0x00, 0x00, 0x00,
  0x00, 0x00, 0x00, 0x00, 0x00, 0x00, 0x00, 0x00, 0x00, 0x00, 0x00, 0x00,
  0x00, 0x00, 0x00, 0x00, 0x00, 0x00, 0x00, 0x00, 0x00, 0x00, 0x00, 0x00,
  0x00, 0x00, 0x00, 0x00, 0x00, 0x00, 0x00, 0x00, 0x00, 0x00, 0x00, 0x00,
  0x00, 0x00, 0x00, 0x00, 0x00, 0x00, 0x00, 0x00, 0x00, 0x00, 0x00, 0x00,
  0x00, 0x00, 0x00, 0x00, 0x00, 0x00, 0x00, 0x00, 0x00, 0x00, 0x00, 0x00,
  0x00, 0x00, 0x00, 0x00, 0x00, 0x00, 0x00, 0x00, 0x00, 0x00, 0x00, 0x00,
  0x00, 0x00, 0x00, 0x00, 0x00, 0x00, 0x00, 0x00, 0x00, 0x00, 0x00, 0x00,
  0x00, 0x00, 0x00, 0x00, 0x00, 0x00, 0x00, 0x00, 0x00, 0x00, 0x00, 0x00,
  0x00, 0x00, 0x00, 0x00, 0x00, 0x00, 0x00, 0x00, 0x00, 0x00, 0x00, 0x00,
  0x00, 0x00, 0x00, 0x00, 0x00, 0x00, 0x00, 0x00, 0x00, 0x00, 0x00, 0x00,
  0x00, 0x00, 0x00, 0x00, 0x00, 0x00, 0x00, 0x00, 0x00, 0x00, 0x00, 0x00,
  0x00, 0x00, 0x00, 0x00, 0x00, 0x00, 0x00, 0x00, 0x00, 0x00, 0x00, 0x00,
  0x00, 0x00, 0x00, 0x00, 0x00, 0x00, 0x00, 0x00, 0x00, 0x00, 0x00, 0x00,
  0x00, 0x00, 0x00, 0x00, 0x00, 0x00, 0x00, 0x00, 0x00, 0x00, 0x00, 0x00,
  0x00, 0x00, 0x00, 0x00, 0x00, 0x00, 0x00, 0x00, 0x00, 0x00, 0x00, 0x00,
  0x00, 0x00, 0x00, 0x00, 0x00, 0x00, 0x00, 0x00, 0x00, 0x00, 0x00, 0x00,
  0x00, 0x00, 0x00, 0x00, 0x00, 0x00, 0x00, 0x00, 0x00, 0x00, 0x00, 0x00,
  0x00, 0x00, 0x00, 0x00, 0x00, 0x00, 0x00, 0x00, 0x00, 0x00, 0x00, 0x00,
  0x00, 0x00, 0x00, 0x00, 0x00, 0x00, 0x00, 0x00, 0x00, 0x00, 0x00, 0x00,
  0x00, 0x00, 0x00, 0x00, 0x00, 0x00, 0x00, 0x00, 0x00, 0x00, 0x00, 0x00,
  0x00, 0x00, 0x00, 0x00, 0x00, 0x00, 0x00, 0x00, 0x00, 0x00, 0x00, 0x00,
  0x00, 0x00, 0x00, 0x00, 0x00, 0x00, 0x00, 0x00, 0x00, 0x00, 0x00, 0x00,
  0x00, 0x00, 0x00, 0x00, 0x00, 0x00, 0x00, 0x00, 0x00, 0x00, 0x00, 0x00,
  0x00, 0x00, 0x00, 0x00, 0x00, 0x00, 0x00, 0x00, 0x00, 0x00, 0x00, 0x00,
  0x00, 0x00, 0x00, 0x00, 0x00, 0x00, 0x00, 0x00, 0x00, 0x00, 0x00, 0x00,
  0x00, 0x00, 0x00, 0x00, 0x00, 0x00, 0x00, 0x00, 0x00, 0x00, 0x00, 0x00,
  0x00, 0x00, 0x00, 0x00, 0x00, 0x00, 0x00, 0x00, 0x00, 0x00, 0x00, 0x00,
  0x00, 0x00, 0x00, 0x00, 0x00, 0x00, 0x00, 0x00, 0x00, 0x00, 0x00, 0x00,
  0x00, 0x00, 0x00, 0x00, 0x00, 0x00, 0x00, 0x00, 0x00, 0x00, 0x00, 0x00,
  0x00, 0x00, 0x00, 0x00, 0x00, 0x00, 0x00, 0x00, 0x00, 0x00, 0x00, 0x00,
  0x00, 0x00, 0x00, 0x00, 0x00, 0x00, 0x00, 0x00, 0x00, 0x00, 0x00, 0x00,
  0x00, 0x00, 0x00, 0x00, 0x00, 0x00, 0x00, 0x00, 0x00, 0x00, 0x00, 0x00,
  0x40, 0x00, 0x00, 0x00, 0x74, 0x35, 0xd1, 0x3a, 0x30, 0x8c, 0xa8, 0x3a,
  0x9d, 0x92, 0xb1, 0x3a, 0x32, 0x79, 0xc7, 0x3a, 0x09, 0x5e, 0xb3, 0x3a,
  0xac, 0xe0, 0xc7, 0x3a, 0xf6, 0xcd, 0xb7, 0x3a, 0xda, 0x03, 0xc1, 0x3a,
  0x5d, 0xcb, 0xae, 0x3a, 0xbb, 0x82, 0xbc, 0x3a, 0xf7, 0xfe, 0xc0, 0x3a,
  0x73, 0x88, 0xce, 0x3a, 0x04, 0x1e, 0xdc, 0x3a, 0xd8, 0xff, 0xb5, 0x3a,
  0x0f, 0x11, 0xb6, 0x3a, 0x68, 0x16, 0xcd, 0x3a, 0x77, 0xa1, 0xc4, 0x3a,
  0xe4, 0xb2, 0xbe, 0x3a, 0x5c, 0x32, 0xd3, 0x3a, 0x35, 0x94, 0xd3, 0x3a,
  0x8f, 0xa3, 0xc4, 0x3a, 0x9d, 0xd4, 0xba, 0x3a, 0x7f, 0x93, 0xc9, 0x3a,
  0xc6, 0xf3, 0xcd, 0x3a, 0x51, 0xb3, 0xa1, 0x3a, 0xa4, 0x94, 0xb7, 0x3a,
  0x8a, 0x1b, 0xaf, 0x3a, 0x9c, 0x60, 0xb7, 0x3a, 0x3b, 0xfa, 0xc8, 0x3a,
  0xa9, 0x2f, 0xb2, 0x3a, 0xb0, 0xb7, 0xb2, 0x3a, 0xf4, 0xfe, 0xc7, 0x3a,
  0x1c, 0x52, 0xb1, 0x3a, 0x5c, 0x91, 0xc6, 0x3a, 0xfe, 0xf8, 0xa7, 0x3a,
  0x16, 0x42, 0xcb, 0x3a, 0xfc, 0xb6, 0xb5, 0x3a, 0x4a, 0x6f, 0xc6, 0x3a,
  0x3f, 0x1c, 0xcf, 0x3a, 0x08, 0x10, 0xaf, 0x3a, 0xbd, 0x56, 0xcd, 0x3a,
  0x24, 0xf5, 0xd1, 0x3a, 0xcf, 0x5b, 0xc6, 0x3a, 0xbb, 0x74, 0xc7, 0x3a,
  0x00, 0x4a, 0xc5, 0x3a, 0x15, 0xb7, 0xcd, 0x3a, 0xca, 0xfb, 0xb7, 0x3a,
  0x94, 0x38, 0xcb, 0x3a, 0x43, 0x60, 0xc6, 0x3a, 0x1d, 0x0f, 0xbd, 0x3a,
  0x0a, 0xe1, 0xba, 0x3a, 0x35, 0x1c, 0xb6, 0x3a, 0x3d, 0xdb, 0xce, 0x3a,
  0xa1, 0xa7, 0xb7, 0x3a, 0x0c, 0xa9, 0xcb, 0x3a, 0xff, 0x41, 0xbe, 0x3a,
  0x3d, 0x67, 0xb1, 0x3a, 0xfe, 0xb3, 0xb0, 0x3a, 0x12, 0x62, 0xcd, 0x3a,
  0x74, 0xaa, 0xc9, 0x3a, 0xd2, 0xca, 0xd4, 0x3a, 0x27, 0x3b, 0xbb, 0x3a,
  0x95, 0x63, 0xbf, 0x3a, 0xd3, 0xe5, 0xbb, 0x3a, 0x25, 0x00, 0x00, 0x00,
  0x73, 0x65, 0x71, 0x75, 0x65, 0x6e, 0x74, 0x69, 0x61, 0x6c, 0x5f, 0x31,
  0x5f, 0x31, 0x2f, 0x63, 0x6f, 0x6e, 0x76, 0x31, 0x64, 0x5f, 0x32, 0x5f,
  0x31, 0x2f, 0x63, 0x6f, 0x6e, 0x76, 0x6f, 0x6c, 0x75, 0x74, 0x69, 0x6f,
  0x6e, 0x00, 0x00, 0x00, 0x04, 0x00, 0x00, 0x00, 0x40, 0x00, 0x00, 0x00,
  0x01, 0x00, 0x00, 0x00, 0x03, 0x00, 0x00, 0x00, 0x20, 0x00, 0x00, 0x00,
  0xe2, 0xf8, 0xff, 0xff, 0x00, 0x00, 0x00, 0x01, 0x14, 0x00, 0x00, 0x00,
  0x28, 0x03, 0x00, 0x00, 0x0b, 0x00, 0x00, 0x00, 0x00, 0x00, 0x00, 0x02,
  0xd8, 0x03, 0x00, 0x00, 0x64, 0xf8, 0xff, 0xff, 0x08, 0x00, 0x00, 0x00,
  0x0c, 0x02, 0x00, 0x00, 0x40, 0x00, 0x00, 0x00, 0x00, 0x00, 0x00, 0x00,
  0x00, 0x00, 0x00, 0x00, 0x00, 0x00, 0x00, 0x00, 0x00, 0x00, 0x00, 0x00,
  0x00, 0x00, 0x00, 0x00, 0x00, 0x00, 0x00, 0x00, 0x00, 0x00, 0x00, 0x00,
  0x00, 0x00, 0x00, 0x00, 0x00, 0x00, 0x00, 0x00, 0x00, 0x00, 0x00, 0x00,
  0x00, 0x00, 0x00, 0x00, 0x00, 0x00, 0x00, 0x00, 0x00, 0x00, 0x00, 0x00,
  0x00, 0x00, 0x00, 0x00, 0x00, 0x00, 0x00, 0x00, 0x00, 0x00, 0x00, 0x00,
  0x00, 0x00, 0x00, 0x00, 0x00, 0x00, 0x00, 0x00, 0x00, 0x00, 0x00, 0x00,
  0x00, 0x00, 0x00, 0x00, 0x00, 0x00, 0x00, 0x00, 0x00, 0x00, 0x00, 0x00,
  0x00, 0x00, 0x00, 0x00, 0x00, 0x00, 0x00, 0x00, 0x00, 0x00, 0x00, 0x00,
  0x00, 0x00, 0x00, 0x00, 0x00, 0x00, 0x00, 0x00, 0x00, 0x00, 0x00, 0x00,
  0x00, 0x00, 0x00, 0x00, 0x00, 0x00, 0x00, 0x00, 0x00, 0x00, 0x00, 0x00,
  0x00, 0x00, 0x00, 0x00, 0x00, 0x00, 0x00, 0x00, 0x00, 0x00, 0x00, 0x00,
  0x00, 0x00, 0x00, 0x00, 0x00, 0x00, 0x00, 0x00, 0x00, 0x00, 0x00, 0x00,
  0x00, 0x00, 0x00, 0x00, 0x00, 0x00, 0x00, 0x00, 0x00, 0x00, 0x00, 0x00,
  0x00, 0x00, 0x00, 0x00, 0x00, 0x00, 0x00, 0x00, 0x00, 0x00, 0x00, 0x00,
  0x00, 0x00, 0x00, 0x00, 0x00, 0x00, 0x00, 0x00, 0x00, 0x00, 0x00, 0x00,
  0x00, 0x00, 0x00, 0x00, 0x00, 0x00, 0x00, 0x00, 0x00, 0x00, 0x00, 0x00,
  0x00, 0x00, 0x00, 0x00, 0x00, 0x00, 0x00, 0x00, 0x00, 0x00, 0x00, 0x00,
  0x00, 0x00, 0x00, 0x00, 0x00, 0x00, 0x00, 0x00, 0x00, 0x00, 0x00, 0x00,
  0x00, 0x00, 0x00, 0x00, 0x00, 0x00, 0x00, 0x00, 0x00, 0x00, 0x00, 0x00,
  0x00, 0x00, 0x00, 0x00, 0x00, 0x00, 0x00, 0x00, 0x00, 0x00, 0x00, 0x00,
  0x00, 0x00, 0x00, 0x00, 0x00, 0x00, 0x00, 0x00, 0x00, 0x00, 0x00, 0x00,
  0x00, 0x00, 0x00, 0x00, 0x00, 0x00, 0x00, 0x00, 0x00, 0x00, 0x00, 0x00,
  0x00, 0x00, 0x00, 0x00, 0x00, 0x00, 0x00, 0x00, 0x00, 0x00, 0x00, 0x00,
  0x00, 0x00, 0x00, 0x00, 0x00, 0x00, 0x00, 0x00, 0x00, 0x00, 0x00, 0x00,
  0x00, 0x00, 0x00, 0x00, 0x00, 0x00, 0x00, 0x00, 0x00, 0x00, 0x00, 0x00,
  0x00, 0x00, 0x00, 0x00, 0x00, 0x00, 0x00, 0x00, 0x00, 0x00, 0x00, 0x00,
  0x00, 0x00, 0x00, 0x00, 0x00, 0x00, 0x00, 0x00, 0x00, 0x00, 0x00, 0x00,
  0x00, 0x00, 0x00, 0x00, 0x00, 0x00, 0x00, 0x00, 0x00, 0x00, 0x00, 0x00,
  0x00, 0x00, 0x00, 0x00, 0x00, 0x00, 0x00, 0x00, 0x00, 0x00, 0x00, 0x00,
  0x00, 0x00, 0x00, 0x00, 0x00, 0x00, 0x00, 0x00, 0x00, 0x00, 0x00, 0x00,
  0x00, 0x00, 0x00, 0x00, 0x00, 0x00, 0x00, 0x00, 0x00, 0x00, 0x00, 0x00,
  0x00, 0x00, 0x00, 0x00, 0x00, 0x00, 0x00, 0x00, 0x00, 0x00, 0x00, 0x00,
  0x00, 0x00, 0x00, 0x00, 0x00, 0x00, 0x00, 0x00, 0x00, 0x00, 0x00, 0x00,
  0x00, 0x00, 0x00, 0x00, 0x00, 0x00, 0x00, 0x00, 0x00, 0x00, 0x00, 0x00,
  0x00, 0x00, 0x00, 0x00, 0x00, 0x00, 0x00, 0x00, 0x00, 0x00, 0x00, 0x00,
  0x00, 0x00, 0x00, 0x00, 0x00, 0x00, 0x00, 0x00, 0x00, 0x00, 0x00, 0x00,
  0x00, 0x00, 0x00, 0x00, 0x00, 0x00, 0x00, 0x00, 0x00, 0x00, 0x00, 0x00,
  0x00, 0x00, 0x00, 0x00, 0x00, 0x00, 0x00, 0x00, 0x00, 0x00, 0x00, 0x00,
  0x00, 0x00, 0x00, 0x00, 0x00, 0x00, 0x00, 0x00, 0x00, 0x00, 0x00, 0x00,
  0x00, 0x00, 0x00, 0x00, 0x00, 0x00, 0x00, 0x00, 0x00, 0x00, 0x00, 0x00,
  0x00, 0x00, 0x00, 0x00, 0x00, 0x00, 0x00, 0x00, 0x00, 0x00, 0x00, 0x00,
  0x00, 0x00, 0x00, 0x00, 0x00, 0x00, 0x00, 0x00, 0x00, 0x00, 0x00, 0x00,
  0x00, 0x00, 0x00, 0x00, 0x00, 0x00, 0x00, 0x00, 0x40, 0x00, 0x00, 0x00,
  0xe9, 0x86, 0x89, 0x38, 0x67, 0x98, 0x5d, 0x38, 0x00, 0x76, 0x69, 0x38,
  0x95, 0x20, 0x83, 0x38, 0x05, 0xd2, 0x6b, 0x38, 0x9b, 0x64, 0x83, 0x38,
  0x75, 0xa7, 0x71, 0x38, 0x75, 0xc3, 0x7d, 0x38, 0xe5, 0xce, 0x65, 0x38,
  0x69, 0xd7, 0x77, 0x38, 0x09, 0xbd, 0x7d, 0x38, 0x9d, 0xc4, 0x87, 0x38,
  0xa6, 0xb2, 0x90, 0x38, 0xe6, 0x47, 0x6f, 0x38, 0x88, 0x5e, 0x6f, 0x38,
  0x5c, 0xd1, 0x86, 0x38, 0x32, 0x42, 0x81, 0x38, 0xdf, 0xb7, 0x7a, 0x38,
  0x73, 0xd5, 0x8a, 0x38, 0xc5, 0x15, 0x8b, 0x38, 0x93, 0x43, 0x81, 0x38,
  0xec, 0xa1, 0x75, 0x38, 0x72, 0x82, 0x84, 0x38, 0xe1, 0x62, 0x87, 0x38,
  0xd8, 0x97, 0x54, 0x38, 0x19, 0x5c, 0x71, 0x38, 0x4e, 0x38, 0x66, 0x38,
  0xb1, 0x17, 0x71, 0x38, 0xb1, 0x1d, 0x84, 0x38, 0x7a, 0x44, 0x6a, 0x38,
  0x51, 0xf7, 0x6a, 0x38, 0x83, 0x78, 0x83, 0x38, 0x32, 0x21, 0x69, 0x38,
  0x2e, 0x88, 0x82, 0x38, 0xe2, 0xd6, 0x5c, 0x38, 0x80, 0x9d, 0x85, 0x38,
  0x1b, 0xe8, 0x6e, 0x38, 0xc9, 0x71, 0x82, 0x38, 0xc5, 0x25, 0x88, 0x38,
  0x2d, 0x29, 0x66, 0x38, 0xa6, 0xfb, 0x86, 0x38, 0xec, 0x04, 0x8a, 0x38,
  0xfb, 0x64, 0x82, 0x38, 0xa6, 0x1d, 0x83, 0x38, 0xfc, 0xb0, 0x81, 0x38,
  0xfb, 0x3a, 0x87, 0x38, 0xb6, 0xe3, 0x71, 0x38, 0x40, 0x97, 0x85, 0x38,
  0xe8, 0x67, 0x82, 0x38, 0xfa, 0x8f, 0x78, 0x38, 0x42, 0xb2, 0x75, 0x38,
  0x30, 0x6d, 0x6f, 0x38, 0x09, 0xfb, 0x87, 0x38, 0x10, 0x75, 0x71, 0x38,
  0x2f, 0xe1, 0x85, 0x38, 0x72, 0x23, 0x7a, 0x38, 0xf9, 0x3c, 0x69, 0x38,
  0x50, 0x51, 0x68, 0x38, 0x19, 0x03, 0x87, 0x38, 0x89, 0x91, 0x84, 0x38,
  0xf5, 0xe1, 0x8b, 0x38, 0xbb, 0x28, 0x76, 0x38, 0x2d, 0xa0, 0x7b, 0x38,
  0x1f, 0x09, 0x77, 0x38, 0xb6, 0x00, 0x00, 0x00, 0x73, 0x65, 0x71, 0x75,
  0x65, 0x6e, 0x74, 0x69, 0x61, 0x6c, 0x5f, 0x31, 0x5f, 0x31, 0x2f, 0x63,
  0x6f, 0x6e, 0x76, 0x31, 0x64, 0x5f, 0x32, 0x5f, 0x31, 0x2f, 0x52, 0x65,
  0x6c, 0x75, 0x3b, 0x73, 0x65, 0x71, 0x75, 0x65, 0x6e, 0x74, 0x69, 0x61,
  0x6c, 0x5f, 0x31, 0x5f, 0x31, 0x2f, 0x63, 0x6f, 0x6e, 0x76, 0x31, 0x64,
  0x5f, 0x32, 0x5f, 0x31, 0x2f, 0x42, 0x69, 0x61, 0x73, 0x41, 0x64, 0x64,
  0x3b, 0x73, 0x65, 0x71, 0x75, 0x65, 0x6e, 0x74, 0x69, 0x61, 0x6c, 0x5f,
  0x31, 0x5f, 0x31, 0x2f, 0x63, 0x6f, 0x6e, 0x76, 0x31, 0x64, 0x5f, 0x32,
  0x5f, 0x31, 0x2f, 0x63, 0x6f, 0x6e, 0x76, 0x6f, 0x6c, 0x75, 0x74, 0x69,
  0x6f, 0x6e, 0x2f, 0x53, 0x71, 0x75, 0x65, 0x65, 0x7a, 0x65, 0x3b, 0x73,
  0x65, 0x71, 0x75, 0x65, 0x6e, 0x74, 0x69, 0x61, 0x6c, 0x5f, 0x31, 0x5f,
  0x31, 0x2f, 0x63, 0x6f, 0x6e, 0x76, 0x31, 0x64, 0x5f, 0x32, 0x5f, 0x31,
  0x2f, 0x53, 0x71, 0x75, 0x65, 0x65, 0x7a, 0x65, 0x3b, 0x73, 0x65, 0x71,
  0x75, 0x65, 0x6e, 0x74, 0x69, 0x61, 0x6c, 0x5f, 0x31, 0x5f, 0x31, 0x2f,
  0x63, 0x6f, 0x6e, 0x76, 0x31, 0x64, 0x5f, 0x32, 0x5f, 0x31, 0x2f, 0x63,
  0x6f, 0x6e, 0x76, 0x6f, 0x6c, 0x75, 0x74, 0x69, 0x6f, 0x6e, 0x00, 0x00,
  0x01, 0x00, 0x00, 0x00, 0x40, 0x00, 0x00, 0x00, 0xda, 0xfc, 0xff, 0xff,
  0x00, 0x00, 0x00, 0x01, 0x14, 0x00, 0x00, 0x00, 0x34, 0x00, 0x00, 0x00,
  0x0a, 0x00, 0x00, 0x00, 0x00, 0x00, 0x00, 0x09, 0x4c, 0x00, 0x00, 0x00,
  0x5c, 0xfc, 0xff, 0xff, 0x08, 0x00, 0x00, 0x00, 0x14, 0x00, 0x00, 0x00,
  0x01, 0x00, 0x00, 0x00, 0x00, 0x00, 0x00, 0x00, 0x00, 0x00, 0x00, 0x00,
  0x00, 0x00, 0x00, 0x00, 0x01, 0x00, 0x00, 0x00, 0x25, 0x48, 0x26, 0x3b,
  0x1f, 0x00, 0x00, 0x00, 0x73, 0x65, 0x71, 0x75, 0x65, 0x6e, 0x74, 0x69,
  0x61, 0x6c, 0x5f, 0x31, 0x5f, 0x31, 0x2f, 0x64, 0x65, 0x6e, 0x73, 0x65,
  0x5f, 0x31, 0x5f, 0x31, 0x2f, 0x4d, 0x61, 0x74, 0x4d, 0x75, 0x6c, 0x00,
  0x02, 0x00, 0x00, 0x00, 0x20, 0x00, 0x00, 0x00, 0x40, 0x00, 0x00, 0x00,
  0x4a, 0xfd, 0xff, 0xff, 0x00, 0x00, 0x00, 0x01, 0x14, 0x00, 0x00, 0x00,
  0x30, 0x00, 0x00, 0x00, 0x09, 0x00, 0x00, 0x00, 0x00, 0x00, 0x00, 0x02,
  0x68, 0x00, 0x00, 0x00, 0xcc, 0xfc, 0xff, 0xff, 0x08, 0x00, 0x00, 0x00,
  0x10, 0x00, 0x00, 0x00, 0x01, 0x00, 0x00, 0x00, 0x00, 0x00, 0x00, 0x00,
  0x00, 0x00, 0x00, 0x00, 0x01, 0x00, 0x00, 0x00, 0x62, 0x8b, 0x59, 0x38,
  0x3e, 0x00, 0x00, 0x00, 0x73, 0x65, 0x71, 0x75, 0x65, 0x6e, 0x74, 0x69,
  0x61, 0x6c, 0x5f, 0x31, 0x5f, 0x31, 0x2f, 0x64, 0x65, 0x6e, 0x73, 0x65,
  0x5f, 0x31, 0x5f, 0x31, 0x2f, 0x52, 0x65, 0x6c, 0x75, 0x3b, 0x73, 0x65,
  0x71, 0x75, 0x65, 0x6e, 0x74, 0x69, 0x61, 0x6c, 0x5f, 0x31, 0x5f, 0x31,
  0x2f, 0x64, 0x65, 0x6e, 0x73, 0x65, 0x5f, 0x31, 0x5f, 0x31, 0x2f, 0x42,
  0x69, 0x61, 0x73, 0x41, 0x64, 0x64, 0x00, 0x00, 0x01, 0x00, 0x00, 0x00,
  0x20, 0x00, 0x00, 0x00, 0xd2, 0xfd, 0xff, 0xff, 0x00, 0x00, 0x00, 0x01,
  0x14, 0x00, 0x00, 0x00, 0x34, 0x00, 0x00, 0x00, 0x08, 0x00, 0x00, 0x00,
  0x00, 0x00, 0x00, 0x09, 0x4c, 0x00, 0x00, 0x00, 0x54, 0xfd, 0xff, 0xff,
  0x08, 0x00, 0x00, 0x00, 0x14, 0x00, 0x00, 0x00, 0x01, 0x00, 0x00, 0x00,
  0x00, 0x00, 0x00, 0x00, 0x00, 0x00, 0x00, 0x00, 0x00, 0x00, 0x00, 0x00,
  0x01, 0x00, 0x00, 0x00, 0x84, 0x0f, 0x70, 0x3b, 0x1f, 0x00, 0x00, 0x00,
  0x73, 0x65, 0x71, 0x75, 0x65, 0x6e, 0x74, 0x69, 0x61, 0x6c, 0x5f, 0x31,
  0x5f, 0x31, 0x2f, 0x64, 0x65, 0x6e, 0x73, 0x65, 0x5f, 0x32, 0x5f, 0x31,
  0x2f, 0x4d, 0x61, 0x74, 0x4d, 0x75, 0x6c, 0x00, 0x02, 0x00, 0x00, 0x00,
  0x05, 0x00, 0x00, 0x00, 0x20, 0x00, 0x00, 0x00, 0x42, 0xfe, 0xff, 0xff,
  0x00, 0x00, 0x00, 0x01, 0x14, 0x00, 0x00, 0x00, 0x30, 0x00, 0x00, 0x00,
  0x07, 0x00, 0x00, 0x00, 0x00, 0x00, 0x00, 0x02, 0x4c, 0x00, 0x00, 0x00,
  0xc4, 0xfd, 0xff, 0xff, 0x08, 0x00, 0x00, 0x00, 0x10, 0x00, 0x00, 0x00,
  0x01, 0x00, 0x00, 0x00, 0x00, 0x00, 0x00, 0x00, 0x00, 0x00, 0x00, 0x00,
  0x01, 0x00, 0x00, 0x00, 0x6e, 0x07, 0xd9, 0x38, 0x20, 0x00, 0x00, 0x00,
  0x73, 0x65, 0x71, 0x75, 0x65, 0x6e, 0x74, 0x69, 0x61, 0x6c, 0x5f, 0x31,
  0x5f, 0x31, 0x2f, 0x64, 0x65, 0x6e, 0x73, 0x65, 0x5f, 0x32, 0x5f, 0x31,
  0x2f, 0x42, 0x69, 0x61, 0x73, 0x41, 0x64, 0x64, 0x00, 0x00, 0x00, 0x00,
  0x01, 0x00, 0x00, 0x00, 0x05, 0x00, 0x00, 0x00, 0xae, 0xfe, 0xff, 0xff,
  0x00, 0x00, 0x00, 0x01, 0x14, 0x00, 0x00, 0x00, 0x14, 0x00, 0x00, 0x00,
  0x06, 0x00, 0x00, 0x00, 0x00, 0x00, 0x00, 0x02, 0x3c, 0x00, 0x00, 0x00,
  0x98, 0xfe, 0xff, 0xff, 0x2d, 0x00, 0x00, 0x00, 0x73, 0x65, 0x71, 0x75,
  0x65, 0x6e, 0x74, 0x69, 0x61, 0x6c, 0x5f, 0x31, 0x5f, 0x31, 0x2f, 0x63,
  0x6f, 0x6e, 0x76, 0x31, 0x64, 0x5f, 0x32, 0x5f, 0x31, 0x2f, 0x63, 0x6f,
  0x6e, 0x76, 0x6f, 0x6c, 0x75, 0x74, 0x69, 0x6f, 0x6e, 0x2f, 0x53, 0x71,
  0x75, 0x65, 0x65, 0x7a, 0x65, 0x00, 0x00, 0x00, 0x01, 0x00, 0x00, 0x00,
  0x03, 0x00, 0x00, 0x00, 0x0a, 0xff, 0xff, 0xff, 0x00, 0x00, 0x00, 0x01,
  0x14, 0x00, 0x00, 0x00, 0x14, 0x00, 0x00, 0x00, 0x05, 0x00, 0x00, 0x00,
  0x00, 0x00, 0x00, 0x02, 0x40, 0x00, 0x00, 0x00, 0xf4, 0xfe, 0xff, 0xff,
  0x30, 0x00, 0x00, 0x00, 0x73, 0x65, 0x71, 0x75, 0x65, 0x6e, 0x74, 0x69,
  0x61, 0x6c, 0x5f, 0x31, 0x5f, 0x31, 0x2f, 0x6d, 0x61, 0x78, 0x5f, 0x70,
  0x6f, 0x6f, 0x6c, 0x69, 0x6e, 0x67, 0x31, 0x64, 0x5f, 0x31, 0x2f, 0x4d,
  0x61, 0x78, 0x50, 0x6f, 0x6f, 0x6c, 0x31, 0x64, 0x2f, 0x53, 0x71, 0x75,
  0x65, 0x65, 0x7a, 0x65, 0x00, 0x00, 0x00, 0x00, 0x01, 0x00, 0x00, 0x00,
  0x03, 0x00, 0x00, 0x00, 0x6a, 0xff, 0xff, 0xff, 0x00, 0x00, 0x00, 0x01,
  0x14, 0x00, 0x00, 0x00, 0x14, 0x00, 0x00, 0x00, 0x04, 0x00, 0x00, 0x00,
  0x00, 0x00, 0x00, 0x02, 0x1c, 0x00, 0x00, 0x00, 0x54, 0xff, 0xff, 0xff,
  0x0e, 0x00, 0x00, 0x00, 0x61, 0x72, 0x69, 0x74, 0x68, 0x2e, 0x63, 0x6f,
  0x6e, 0x73, 0x74, 0x61, 0x6e, 0x74, 0x00, 0x00, 0x00, 0x00, 0x00, 0x00,
  0xa2, 0xff, 0xff, 0xff, 0x00, 0x00, 0x00, 0x01, 0x14, 0x00, 0x00, 0x00,
  0x14, 0x00, 0x00, 0x00, 0x03, 0x00, 0x00, 0x00, 0x00, 0x00, 0x00, 0x02,
  0x3c, 0x00, 0x00, 0x00, 0x8c, 0xff, 0xff, 0xff, 0x2d, 0x00, 0x00, 0x00,
  0x73, 0x65, 0x71, 0x75, 0x65, 0x6e, 0x74, 0x69, 0x61, 0x6c, 0x5f, 0x31,
  0x5f, 0x31, 0x2f, 0x63, 0x6f, 0x6e, 0x76, 0x31, 0x64, 0x5f, 0x31, 0x5f,
  0x31, 0x2f, 0x63, 0x6f, 0x6e, 0x76, 0x6f, 0x6c, 0x75, 0x74, 0x69, 0x6f,
  0x6e, 0x2f, 0x53, 0x71, 0x75, 0x65, 0x65, 0x7a, 0x65, 0x00, 0x00, 0x00,
  0x01, 0x00, 0x00, 0x00, 0x03, 0x00, 0x00, 0x00, 0x00, 0x00, 0x16, 0x00,
  0x1c, 0x00, 0x18, 0x00, 0x17, 0x00, 0x10, 0x00, 0x0c, 0x00, 0x08, 0x00,
  0x00, 0x00, 0x00, 0x00, 0x00, 0x00, 0x07, 0x00, 0x16, 0x00, 0x00, 0x00,
  0x00, 0x00, 0x00, 0x01, 0x18, 0x00, 0x00, 0x00, 0x18, 0x00, 0x00, 0x00,
  0x02, 0x00, 0x00, 0x00, 0x00, 0x00, 0x00, 0x02, 0x20, 0x00, 0x00, 0x00,
  0x04, 0x00, 0x04, 0x00, 0x04, 0x00, 0x00, 0x00, 0x0f, 0x00, 0x00, 0x00,
  0x61, 0x72, 0x69, 0x74, 0x68, 0x2e, 0x63, 0x6f, 0x6e, 0x73, 0x74, 0x61,
  0x6e, 0x74, 0x31, 0x00, 0x00, 0x00, 0x00, 0x00, 0x00, 0x00, 0x16, 0x00,
  0x20, 0x00, 0x1c, 0x00, 0x1b, 0x00, 0x14, 0x00, 0x10, 0x00, 0x0c, 0x00,
  0x00, 0x00, 0x00, 0x00, 0x08, 0x00, 0x07, 0x00, 0x16, 0x00, 0x00, 0x00,
  0x00, 0x00, 0x00, 0x01, 0x18, 0x00, 0x00, 0x00, 0x30, 0x00, 0x00, 0x00,
  0x4c, 0x00, 0x00, 0x00, 0x01, 0x00, 0x00, 0x00, 0x00, 0x00, 0x00, 0x09,
  0x64, 0x00, 0x00, 0x00, 0x03, 0x00, 0x00, 0x00, 0xff, 0xff, 0xff, 0xff,
  0x96, 0x00, 0x00, 0x00, 0x08, 0x00, 0x00, 0x00, 0x0c, 0x00, 0x0c, 0x00,
  0x00, 0x00, 0x00, 0x00, 0x08, 0x00, 0x04, 0x00, 0x0c, 0x00, 0x00, 0x00,
  0x08, 0x00, 0x00, 0x00, 0x10, 0x00, 0x00, 0x00, 0x01, 0x00, 0x00, 0x00,
  0xe6, 0xff, 0xff, 0xff, 0xff, 0xff, 0xff, 0xff, 0x01, 0x00, 0x00, 0x00,
  0x31, 0x95, 0xcd, 0x3d, 0x1f, 0x00, 0x00, 0x00, 0x73, 0x65, 0x72, 0x76,
  0x69, 0x6e, 0x67, 0x5f, 0x64, 0x65, 0x66, 0x61, 0x75, 0x6c, 0x74, 0x5f,
  0x69, 0x6e, 0x70, 0x75, 0x74, 0x5f, 0x6c, 0x61, 0x79, 0x65, 0x72, 0x5f,
  0x31, 0x3a, 0x30, 0x00, 0x03, 0x00, 0x00, 0x00, 0x01, 0x00, 0x00, 0x00,
  0x96, 0x00, 0x00, 0x00, 0x08, 0x00, 0x00, 0x00, 0x09, 0x00, 0x00, 0x00,
  0xc4, 0x00, 0x00, 0x00, 0xa4, 0x00, 0x00, 0x00, 0x84, 0x00, 0x00, 0x00,
  0x78, 0x00, 0x00, 0x00, 0x60, 0x00, 0x00, 0x00, 0x40, 0x00, 0x00, 0x00,
  0x2c, 0x00, 0x00, 0x00, 0x18, 0x00, 0x00, 0x00, 0x04, 0x00, 0x00, 0x00,
  0x88, 0xff, 0xff, 0xff, 0x19, 0x00, 0x00, 0x00, 0x02, 0x00, 0x00, 0x00,
  0x00, 0x00, 0x00, 0x19, 0x98, 0xff, 0xff, 0xff, 0x09, 0x00, 0x00, 0x00,
  0x04, 0x00, 0x00, 0x00, 0x00, 0x00, 0x00, 0x09, 0xa8, 0xff, 0xff, 0xff,
  0x28, 0x00, 0x00, 0x00, 0x02, 0x00, 0x00, 0x00, 0x00, 0x00, 0x00, 0x28,
  0xb8, 0xff, 0xff, 0xff, 0x11, 0x00, 0x00, 0x00, 0x02, 0x00, 0x00, 0x00,
  0x00, 0x00, 0x00, 0x11, 0x0c, 0x00, 0x0a, 0x00, 0x09, 0x00, 0x00, 0x00,
  0x00, 0x00, 0x04, 0x00, 0x0c, 0x00, 0x00, 0x00, 0x16, 0x00, 0x00, 0x00,
  0x00, 0x16, 0x0a, 0x00, 0x08, 0x00, 0x00, 0x00, 0x00, 0x00, 0x04, 0x00,
  0x0a, 0x00, 0x00, 0x00, 0x02, 0x00, 0x00, 0x00, 0xf0, 0xff, 0xff, 0xff,
  0x12, 0x00, 0x00, 0x00, 0x02, 0x00, 0x00, 0x00, 0x00, 0x00, 0x00, 0x12,
  0x0c, 0x00, 0x10, 0x00, 0x0f, 0x00, 0x00, 0x00, 0x08, 0x00, 0x04, 0x00,
  0x0c, 0x00, 0x00, 0x00, 0x03, 0x00, 0x00, 0x00, 0x03, 0x00, 0x00, 0x00,
  0x00, 0x00, 0x00, 0x03, 0x0c, 0x00, 0x0c, 0x00, 0x0b, 0x00, 0x00, 0x00,
  0x00, 0x00, 0x04, 0x00, 0x0c, 0x00, 0x00, 0x00, 0x46, 0x00, 0x00, 0x00,
  0x00, 0x00, 0x00, 0x46
};
const int model_deep_len = 19768;
